疾病名,英文病名,科別,器官,簡介,症狀,預防和治療
,,,,,,
視網膜剝離  ,retinal detachment,眼科,眼,視網膜剝離是指視網膜有破洞，玻璃體內的液體經由破洞跑到視網膜外與眼球壁中間，造成視網膜剝離，常見的原因包括高度近視、眼球外傷…等。,['視力模糊．眼前出現黑點．眼前異常閃光．視野缺損'],近視度數過深，超過600度的人很容易罹患視網膜剝離，得到這項疾病的機率是平常人的10倍。因為視網膜本身並沒有會痛的神經，產生裂孔或是剝離的狀況都不容易被發覺。因此建議患有深度近視者應該每半年至眼科檢查1次眼睛，一方面還可隨時了解眼睛的狀況，一方面提早發現是否有眼睛的疾病，儘速治療。
,,,,,,
過敏性鼻炎  ,allergic rhinitis,"耳鼻喉科,家醫科",鼻,過敏性鼻炎是因為體質或環境出現過敏原所誘發，患者的鼻黏膜只要接觸到過敏原，就會引發一連串症狀。,['打噴嚏．眼睛癢．耳朵癢．鼻塞．流鼻涕．鼻涕倒流．頭暈．注意力無法集中．黑眼圈'],維持居家環境清潔、乾燥。少用地毯，窗簾、寢具要經常換洗。
,,,,,,
白內障  ,cataract,眼科,眼,白內障是指原本清澈透明的水晶體變混濁，導致光線無法完全穿透而造成視覺模糊，而且是無法以眼鏡矯正的現象。通常又可分為先天性與後天性兩種情形，其中又以後天性的老年人白內障最為常見。老年性白內障是種自然老化的現象，隨著年齡的增加，眼球內部的水晶體會慢慢發生硬化、以致於逐漸混濁不透明，導致視力慢慢減退，影響到日常生活及工作，老年性白內障可說是銀髮族最常見的疾病。,['視力不穩定．視力模糊．複視．畏光．夜間炫光．物體明暗對比難分辨．色調改變．物體顏色變暗．近視度數逐年大增．伸手不見五指'],白內障屬於眼睛的自然老化現象，因此避免眼睛老化就能延緩白內障發生的時機，甚至降低白內障發生的可能，一般來說避免眼睛日曬、禁煙、攝取深黃或深綠色的蔬果，並適當補充維生素A、B、C、E、葉黃素，都能產生良好的眼睛保健效果。
,,,,,,
青光眼  ,Glaucoma,眼科,眼,青光眼主要是由於眼球內壓力（眼壓）上升而引起的。位於眼的前方是前房，有一種清澈的分泌液（眼房水）不停的流入，再經由前房角流出，假若眼房水的流動遇上阻塞，眼壓會上升，就可能會導致視神經永久性的破壞。青光眼從早期單純的認為是急性或長期眼壓升高導致視覺功能受損，到近年來終於確認青光眼是個多樣化的視神經病變，難以單純用眼壓的升高作為發病的原因。因為在實際病例中可以發現，有此人眼壓雖在正常範圍內，但仍可能有青光眼的視神經病變，有些人眼壓偏高，卻未必會有青光眼，因此目前醫界一致認同的定義是青光眼為一群不同原因的疾病組合，他們的共通點是具特徵性的視神經病變同時伴隨有典型的視野缺損，而眼壓的升高是青光眼的危險因子之一。,['眼睛痛．發紅．同側頭痛．噁心．視力模糊．視覺範圍縮小．嘔吐'],青光眼與高血壓或糖尿病一樣，並無法「根治」。為一種需要終生進行治療與追蹤的疾病，但若確實接受治療，則可以跟一般人生活一樣，但是最重要的是要有耐心來治療青光眼，因為視神經一但遭破壞就無法再生，因此盡量減少視神經的持續受損為治療青光眼的最高原則。
,,,,,,
麥粒腫  ,Hordeolum,眼科,眼,麥粒腫是出現在眼瞼的膿包，產生主因是眼睛的毛囊或腺體受到急性細菌感染發炎所致。在我們的眼皮底下有3種腺體，分別是蔡氏腺、麥氏腺和莫氏腺，這些腺體會分泌出一種脂質分泌物，用來阻止淚液的蒸發，在正常的狀況下，這些腺體的流路和排泄功能皆很正常，細菌不會在裡面繁殖。不過因為我們的眼睛總是暴露在外，接觸到空氣中許多的風塵、病菌或毒物，再加上有時我們會用手揉眼睛、不小心使用到不乾淨的毛巾，或者是在眼部不當使用化妝保養等化學用品，致使細菌很容易沿著瞼板腺導管開口或睫毛毛囊根部入侵，特別是金黃色葡萄球菌，因此造成急性化膿性感染的麥粒腫。,['眼屎多．紅眼．眼皮紅腫按了會痛'],平日睡眠充足，作息正常。
,,,,,,
口瘡  ,"Aphthous ulcer,Canker Sore","家醫科,耳鼻喉科,牙科,風濕過敏免疫科",口腔,口瘡即俗稱的嘴破，是一種很普遍的口腔內黏膜疾病，患部可見於口腔內各處黏膜，諸如唇、頰內、舌、牙齦等，一開始是圓點型的紅腫，很快就發展成潰瘍瘡，表面凹下呈白色，周圍充血，略滲體液，有時潰瘍成簇冒發，因傷口開放，表皮神經裸露在外，因此對口中的各種刺激物很敏感，碰觸均會引來灼熱或疼痛若嚴重到影響進食和交談，可用口內膏、抗菌漱口水或止痛藥來舒緩症狀。口瘡一般約七天左右可痊癒，根本治療還是需靠飲食及調整作息來改善，否則容易一再復發，若持續三週以上都還沒好，就要注意可能是身體免疫失調的前兆。有些自體免疫疾病，如紅斑性狼瘡，一開始也會有口腔潰瘍的症狀，如果還合併了眼睛、生殖器等其他地方的潰瘍，便可能是罹患貝歇氏病。類似的還有口腔扁平苔癬症，病灶除了在口腔裡，也會出現在皮膚上，口內潰瘍可長達五年甚至終生。另外還有感冒皰瘡，皰瘡是發生在口外而非口內。以上均容易和口瘡混淆，看診時最好詳細告知病史讓醫師了解，包含發病時間、頻率、持續多久、是否有其他患部出現病症等，以利對症下藥。,['唇破．舌破．頰內潰爛．牙齦紅腫．進食痛．灼熱感．口乾舌燥'],改變生活型態，適當紓解壓力，放鬆心情，避免過度勞倦和緊張。
,,,,,,
口臭  ,Halitosis,"家醫科,牙科,胃腸肝膽科",口腔,口臭指的是從口內散發出難聞氣味的一種症狀，反映身體有某方面的問題需要探究，臨床氣味可能因此而不同：●單純性口腔問題口臭，聞起來偏酸，類似硫化物的氣味，由口腔疾病引起，如齲齒、牙周病、牙齦發炎。本類型的口臭除口腔明顯有異味外，還可伴隨牙齦腫、痛、局部發熱等症狀。●疾病型口臭，臨床表現除嘴臭外，可能出現其他部位的局部不適，如胸悶、腹脹、頻尿、便祕等。若聞起來像臭雞蛋，可能罹患胃潰瘍；若如魚腥味，可為肝功能不佳或肝硬化；酸蘋果味道則是腎功能不佳；腎衰竭患者則偏尿騷味或阿摩尼亞味；如腐敗水果味，可能為糖尿病酮酸症；呼吸道感染則近似乾乳酪發酵的味道；而與血液腐敗味道有關的，可為白血病或其他血液疾病。●心因性口臭，氣味較病理性口臭不同，偏苦、澀，多在情緒壓力大、緊張焦慮、失眠的時候出現，如伴隨其他心因性消化道問題，則會帶有酸味。目前診間常用口氣測量儀來診斷，由受測者口中真空抽取氣體，客觀的測量揮發性硫化物（引發異味的主要物質）濃度多寡，超過160ppb就表示有口臭；亦可透過自我測量方式：將手掌合攏包住口鼻朝裡面呼氣，用鼻子吸氣來判斷。而處理口臭問題務必探究來源病因加以治療，才能改善。,['嘴臭．嘴苦．口乾舌燥．髮乾．牙齦腫痛．發燒．舌苔．腸胃脹氣．消化不良．胸悶．便祕．頻尿．胃痛．煩躁．失眠．疲倦'],如果為疾病方面引起的口臭，先要積極治療其原發病。針對特定的口腔疾病、呼吸系統、消化系統、新陳代謝等問題，進行相應的治療，如此口臭的狀況就能獲得緩解。
,,,,,,
乾眼症  ,"Xerophthalmia,Dry eye syndrome",眼科,眼,乾眼症指淚液分泌不足，或淚液過度蒸發，使眼球表面無法保持濕潤，造成結膜異常的慢性眼疾。,['視力模糊．異物感．敏感怕光．想流淚．眼睛易疲勞．眼睛睜不開．很想閉眼睛．覺得眼壓高．眼睛脹脹感．頭痛．眼睛紅'],每天至少熱敷眼睛一次，以乾淨的毛巾沾熱水（約洗澡水般的溫度即可），雙眼輕輕閉上，將沾濕的熱毛巾蓋在雙眼上以促進淚腺周圍的血液循環。
,,,,,,
急性結膜炎  ,acute conjunctivitis,眼科,眼,急性結膜炎俗稱為「紅眼症」，主要是因為眼睛結膜受到感染導致急性發炎所致。,['流眼淚．眼睛癢．紅眼．分泌物多．畏光．眼睛痛'],游泳請選擇消毒衛生、清潔完善的游泳池或水上樂園。
,,,,,,
黃斑部病變  ,"age-related macular degeneration,AMD",眼科,眼,黃斑部病變是常見的眼部疾病之一，也是老年人頭號視力殺手。黃斑部位在視網膜中間，決定影像成形的形狀、顏色、亮度。黃斑部病變會影響視覺、嚴重時可能導致失明。,['影像扭曲．視力模糊'],多吃綠色蔬果及魚類，補充葉黃素與omega-3。
,,,,,,
飛蚊症  ,"Floater,Vitreous opacity",眼科,眼,正常的玻璃體在眼球內是種狀似蛋白的清澈膠質物，但在40歲以後，眼睛中的玻璃體易發生水化現象，並出現極細的凝結物投影在視網膜上，當眼睛注視白色背景物時，光線則將這些纖維的影像投射在視網膜上，因為飄忽不定，便形成蚊子好像在身旁飛繞的情形。它的形狀有時似圓有時又是點，甚或一條條線出現也說不定，沒有固定的形狀，且當眼珠左右轉動時，小黑點也會跟著飛動，而當眼球轉動過度，玻璃體拉扯到視網膜時，也會有閃電（flashing lights）出現的感覺，這即是俗稱的飛蚊症。大部分的飛蚊症是年紀老化的一種現象，但也常發生在近視的年輕患者身上，倘若沒有明顯變化時可以不必理會，但若某天忽然發現飛蚊數量遽增，或看見類似閃光出現，或有視力模糊，視野缺損的問題，就應儘早找眼科醫師作詳細的眼底檢查。玻璃體混濁的飛蚊症本身是對人體無害的，只要每4個月請眼科醫師追蹤檢查眼底即可，有些飛蚊時間久了，會慢慢消失或沉澱，不再成像在視網膜上干擾視覺。,['眼前出現黑點．視力干擾．偶有出現閃電的感覺'],由於飛蚊症是許多眼疾的指標或徵兆，因此預防飛蚊症通常也能防這些眼疾發作，一般包括避免過度用力（例如搬重物或用力排便）、打噴嚏過猛、避免熬夜或睡眠不足，或是過度用眼等。
,,,,,,
中耳炎  ,"tympanitis,otitis media",耳鼻喉科,耳,中耳炎是中耳部位受到細菌或病毒感染造成，中耳炎是上呼吸道感染常見併發症，也是造成兒童聽力受損的主要原因。,['耳痛．耳鳴．鼻塞．發燒．聽力減退'],擤鼻涕時，先壓住一側鼻孔，再將另一側鼻腔內的鼻涕擤出後，用同樣方式，再將另一側鼻孔的鼻涕擤出。
,,,,,,
梅尼爾氏症  ,Meniere's disease,耳鼻喉科,耳,梅尼爾氏症是內耳淋巴水腫，引起平衡失調的疾病。患者通常會同時出現耳鳴、眩暈、聽力障礙三種症狀。此症常會反覆發作，頻率愈來愈密集，會感到天旋地轉、噁心嘔吐，影響生活品質。,['耳塞．眩暈．耳鳴．重聽．噁心．嘔吐'],避免菸酒及食用含有咖啡因的食品，如濃茶、咖啡、巧克力……等。
,,,,,,
鼻竇炎  ,Sinusitis,耳鼻喉科,鼻,鼻竇是頭部充滿空氣的空腔，共有四對，分別是額竇、篩竇、上頷竇及蝶竇，具有產生聲音共鳴、換氣及減輕頭部重量等功用。鼻竇炎則是指空腔中的黏膜腫脹及發炎，阻塞鼻竇的開口，因此感染而蓄積膿液，就出現鼻竇炎。,['頭痛．鼻塞．發燒．流黃鼻涕．咳嗽．鼻涕倒流'],戒菸也拒吸二手菸。
,,,,,,
鼻中膈彎曲  ,Nasoseptal deviation,耳鼻喉科,鼻,鼻中膈是鼻腔的隔板，鼻中膈彎曲是指鼻中膈偏離中間位置，造成鼻腔不適的狀況。,['鼻塞．流鼻血．流鼻涕．頭痛'],預防及避免鼻子外傷。
,,,,,,
睡眠呼吸中止症  ,Sleep Apnea,"耳鼻喉科,神經科,身心精神科,呼吸胸腔科",鼻,睡眠呼吸中止症是指在睡眠當中，上呼吸道重複地發生阻塞，使口鼻的呼吸氣流減少或停止10秒鐘以上，有時會缺氧或在睡夢中驚醒。若一個小時中止5至10次為輕度、15至30次為中度，30次以上則為重度睡眠呼吸中止症。,['打呼．打鼾．嗜睡．精神不濟'],睡前不要做激烈活動，不要看書及電視。
,,,,,,
腮腺炎  ,epidemic parotitis,耳鼻喉科,臉,腮腺炎由急性濾過性病毒引起，因病毒侵襲腮腺，造成腮腺或唾液腺腫大且疼痛，致使臉頰發炎腫大，因此又被稱為「豬頭皮」。,['臉部疼痛．臉部腫脹．頭痛．發燒．噁心．畏寒．喉嚨痛．腮腺腫大'],養成個人良好衛生習慣，保持雙手清潔。
,,,,,,
扁桃腺炎  ,tonsillitis,"耳鼻喉科,小兒科",咽喉,扁桃腺炎是指扁桃腺及其淋巴組織被病菌或病毒入侵後，產生發炎的症狀，可分成急性扁桃腺炎與慢性扁桃腺炎。,['發燒．喉嚨痛．食欲不振．咳嗽．流鼻水．扁桃腺腫大．顎下淋巴結腫大．畏寒．頭痛'],每日至少須攝取2000至2500㏄的水份。
,,,,,,
牙周病   ,Periodontal disease,牙科,"牙齒,牙周組織",牙周病是指發生在牙齒周圍組織的疾病，主要包括牙齦炎、牙周炎及其他，是國人常見的口腔疾病。主因是牙菌斑並未確實清潔乾淨，堆積在牙齒上逐漸引發慢性牙周病。牙周病初期可能有牙齦紅腫、刷牙時流血的情形，因無明顯疼痛症狀，容易被患者忽略，病程到嚴重階段而成牙周炎時，會造成牙齦萎縮、牙齒搖動、牙齒脫落等症狀，故須盡早就診接受檢查。重度骨頭流失的牙周炎治療後也無法恢復原狀，只能修護已被破壞的組織，避免繼續惡化。除了口腔健康外，牙周病亦被證實與心肌梗塞、動脈粥狀硬化、腦中風等疾病的發生可能有關。,['口臭．牙齦萎縮．牙齦出血．牙齦紅腫．牙齒搖動．牙齒脫落．牙齒外觀變長．牙齒位置偏移．咬合無力．咀嚼無力．牙縫變大．牙根暴露．吃冷、熱食敏感'],養成良好口腔衛生習慣，每天徹底清潔牙齒，吃完食物後立即漱口、刷牙。
,,,,,,
牙髓炎  ,Pulpitis,牙科,牙髓,牙髓炎是指牙髓受到侵犯而發炎，多為細菌感染所引起，發生位置為牙髓腔與齒槽骨，須盡快接受牙科根管治療，否則壞死的牙髓可能引發臉部蜂窩性組織炎、菌血症甚至敗血症等嚴重疾病。牙髓炎患者就算不遇冷熱源或甜食，也會感到牙齒疼痛，甚至劇痛到無法正常進食，進而影響到睡眠品質。牙髓炎通常是因為蛀牙太深、牙髓受到長期刺激或受到外力撞擊，導致細菌侵入牙髓而發生。,['劇烈牙痛．牙齒抽痛．牙齒酸痛．吃冷熱食敏感．刷牙敏感．吃酸、甜食物敏感．牙齦紅腫．臉部腫脹．發燒．發冷．夜間睡眠時的自發性牙痛'],養成良好口腔衛生習慣，每天徹底清潔牙齒，吃完食物後最好立即刷牙，並使用牙線或牙間刷清潔齒縫。
,,,,,,
牙齦炎  ,gingivitis,牙科,"牙齦,牙肉",牙齦炎是指牙齦感染發炎，初期患者不容易察覺，待炎症加重後，牙齦會產生紅腫脹痛等症狀，患者在刷牙或使用牙線時，會有出血情形。嚴重的牙齦炎會損壞牙齒周圍骨骼，進展為牙周炎，造成牙齒鬆動，最後脫落。牙齦炎的成因包括牙菌斑堆積、營養不良或藥物副作用引起等。此外，吸菸者、糖尿病患者和孕婦為好發族群。牙齦炎是牙周病最早期的階段，亦與心血管疾病、糖尿病等全身性疾病的發生有關，故患者應及早接受治療。,['牙齦紅腫．牙齦出血．牙齦脹痛．牙齒鬆脫．發燒．口臭．臉部腫脹．若不經治療，會惡化成牙周炎，使牙周骨破壞，造成牙齦萎縮'],養成良好口腔衛生習慣，每天徹底清潔牙齒，吃完食物後立即漱口、刷牙。
,,,,,,
顳顎關節障礙症  ,"Temporo-mandibular joint disorder,TMJ disorders,TMD","牙科,骨科,身心精神科,復健科,外科",顳顎關節（下巴關節）,顳顎關節障礙症是一種現代人常見的疾病。顳顎關節俗稱下巴關節，掌控人類嘴巴的開閉功能，當其中間的一層關節盤因為長期移位導致軟骨磨損，或因外傷撞擊、過度咀嚼、精神壓力等因素引發咀嚼疼痛和功能異常時，就稱為顳顎關節障礙。復發機率高，常見於生活壓力大、個性易緊張、咬合不良等人的身上。症狀包含張口閉口會發出關節聲響、張嘴困難、頸部肌肉痠痛，以及頭痛、耳內痛等衍生症狀。常用的治療方法有藥物治療、咬合板治療、物理治療及手術治療等。,['張口疼痛．嘴開閉時有異聲．咀嚼疼痛．開口困難．張口中線偏斜．臉部肌肉痠痛．肩頸酸痛．下巴脫臼．頭痛．耳鳴．耳內疼痛．發音障礙'],培養樂觀的態度，保持良好的心情，減輕工作壓力，尋找適當抒發情緒的方式。
,,,,,,
植體周圍炎  ,Peri-implantitis,牙科,"牙齒,口腔",植體周圍炎指的是人工牙根周圍，其軟、硬組織發炎破壞的一種病症，屬於植牙後可能出現的併發症之一。在人工牙根開始有功能後就有可能發生，發生率約一至二成。人工牙根材質多為鈦金屬，具良好的生物相容性，安置在病人的齒槽骨內可自然產生骨整合，穩固支撐上方假牙。但術後如果疏於清潔和保養，使牙菌斑長期堆積附著在植體表面，植體周圍就會開始發炎，引起一系列的臨床症狀：紅腫、化膿、流血。當發炎變化還局限在周圍軟組織，此時稱為植體周黏膜炎（pen-implant mucositis）為可逆性，治療可選合併清創與抗生素用藥，如已破壞到硬組織，齒槽骨萎縮就需再動手術徹底清創或補骨，最嚴重時甚至植體鬆動，幾乎脫落，必須全部移除，還可能感染鄰近的健康牙齒，故須擴大重建範圍。植牙後落實定期回診追蹤很重要，才能早期發現早期處理。,['植體區發炎．牙肉紅腫疼痛．刷牙流血．化膿．植體搖晃．齒槽骨萎縮．植體脫落'],確實做好牙齒及人工牙根的清潔衛生，如餐後睡前刷牙、隨時使用牙線或牙間刷等。
,,,,,,
結膜下出血  ,Subconjunctival hemorrhage,眼科,眼結膜,結膜下出血是眼睛結膜下的微血管叢破裂並造成出血。由於結膜下出血的位置在眼球的表面，很容易發現，其臨床表徵就是在眼白的位置突然出現一片血紅，讓人怵目驚心。一般沒有什麼症狀，發生時病患通常毫無知覺，僅少數會感到一陣輕微的刺痛，之後才發現眼白部份一片血紅，但視力不會因此受影響。 一般而言，結膜下出血並不需要治療，它會在1、2周內自行吸收，不會留下任何後遺症。可以考慮局部冰敷緩解不適，但如果結膜下出血反覆發作，則要考慮是否有高血壓、糖尿病及血液等疾病。,['眼睛輕微刺痛．眼白血紅'],避免眼球意外碰撞。
,,,,,,
大腸癌  ,Colorectal cancer,"血液腫瘤科,胃腸肝膽科,大腸直腸科",大腸,大腸屬下消化道，分為結腸與直腸。有時大腸內壁細胞會有不正常生長，出現息肉、潰瘍或其他形態腫塊，但這些大部份為良性腫瘤，唯也有小部份可能發展成為惡性腫瘤，稱為大腸癌。,['下消化道出血．排便習慣改變．便秘．大便解不乾淨感．大便變細．大便有黏液．腹痛．腹部腫塊．貧血．血便'],應增加腸道內的益菌，多吃蔬果增加纖維質攝取量，每天至少吃7種蔬果，男性每天應吃9份蔬果。少吃紅肉與加工食品，避免食用高溫燒烤的食物，平常也應多吃富含礦物質、蛋白質的「黑五類」食物，例如：黑豆、黑糖、黑木耳、黑糯米、黑芝麻等。晚餐盡量不要吃太飽，避免食物未消化在腸胃中堆積、發酵。
,,,,,,
心臟病  ,heart disease,心臟血管科,心臟,心臟病，泛指心臟或心血管系統在結構或功能上失常而引起的健康問題。心臟是人體維持運作最重要的器官，健康的人每天心跳約十萬次，會打出8000公升以上的血液流經全身各處。一旦心臟功能受損、心跳停止，腦細胞、心肌在數十分鐘之內會缺氧，使人失去知覺而昏迷休克，若休克超過十餘分鐘無法救回，人將死亡。心臟病可分為先天性心臟病、風濕性心臟病、高血壓性心臟病和冠狀動脈心臟病、瓣膜性心臟病、肺源性心臟病，以冠狀動脈心臟病最常見。冠狀動脈心臟病主因動脈硬化阻塞造成，現代人高脂、高膽固醇的飲食習慣，很容易造成血管硬化，在許多先進國家，心血管疾病都名列死亡原因前幾位；在台灣，心血管疾病也長年高居十大死因前三名。,['胸痛．心悸．氣喘．呼吸困難．疲倦．頭暈．昏厥．水腫．活動量下降．咳血．腹痛．發紺．盜汗．左肩疼痛．背痛．咳嗽'],控制心血管疾病危險因子，包括血壓、血糖、血脂、膽固醇的監控。
,,,,,,
肺栓塞  ,"Pulmonary Embolism,PE","心臟血管科,呼吸胸腔科,血液腫瘤科",肺臟,肺栓塞是指由心臟通往肺部之肺動脈的血流被血管內的血塊、脂肪或空氣塊形成的栓子所阻塞，導致肺臟組織血液灌流不足，血中含氧量降低、肺部血壓提高的情形。因肺臟無法正常進行氣體交換，病患會感覺易喘及呼吸困難，病程後期可能引發胸痛的症狀。最常見的原因是下肢靜脈血液回流不暢，形成下肢深層靜脈血栓所引發的肺栓塞。若血塊較大，可能堵住整條肺動脈引發急性肺栓塞，導致心肺衰竭，休克猝死。,['肋膜性胸痛．呼吸困難．呼吸短促．水腫．發紺．心搏過快．咳嗽．咳血．發燒．昏厥．暈昡．頸靜脈怒張'],維持良好生活作息，養成運動習慣、控制體重。
,,,,,,
心肌梗塞  ,"Myocardial Infarction,MI","心臟血管科,呼吸胸腔科",心臟,心肌梗塞是由於心臟冠狀動脈突然阻塞，導致供給心肌血流中斷，心肌缺血缺氧而壞死。臨床表現上，持續性胸痛、盜汗和呼吸困難是典型的病徵，但約有一半以上的心肌梗塞患者，病發前沒有任何症狀。心肌梗塞患者在症狀和影響的程度上也有所不同，輕微者可能只感到胸悶，嚴重者則會造成心肌細胞永久性的損傷，引發如心律不整或心臟衰竭等併發症。急性心肌梗塞更是令人措手不及，患者通常在發病後1個小時內猝死，是一種死亡率相當高的急症。,['持續性胸痛．胸悶．盜汗．臉色蒼白．四肢冰冷．噁心．嘔吐．全身虛弱無力．暈眩．呼吸困難．休克'],飲食應採低脂低鹽，以清淡為主，並減少高膽固醇食物攝取。
,,,,,,
猝死  ,"Sudden Death, SD","心臟血管科,小兒科",心臟,猝死指的是各種非預期性的突然死亡，排除中毒、自殺或意外等因素，死者生前看起來或許很健康，各項檢查也正常，但體內可能潛藏進行式的疾病或其他危險因子，在突然受外在刺激而惡化，造成短時間內死亡。發病時限說法不一，有些認為症狀發生後二十四小時內死亡就稱為猝死，但多數定義是急性徵狀發作後一小時內就宣告不治。雖然猝死來得都很突然，不過在正式發作前，身體多少會透露一些警訊，諸如氣喘、呼吸急促、胸悶不適、感覺頭昏暈厥，也可能自覺心跳突然跳得很快很重、或跳得不順暢等。因此，當發現自己或旁人有這些先兆出現時，最好趕緊就醫檢查，或撥119求救。平日學會基本CPR（心肺復甦術）及AED（心臟電擊器）等急救術，也有助於提高猝死的搶救成功率。另外，發生在一歲以下嬰兒不明原因的死亡，又稱為嬰兒猝死症候群，常發生於嬰兒睡眠中。在已開發國家，是除了先天性畸形及早產外，嬰兒的第三大死因。,['全身倦怠．氣促．胸悶．心悸．心絞痛．頭暈．昏倒．休克．心跳驟停．呼吸停止．無脈搏．無血壓．無意識．瞳孔放大'],平日多關心自身健康狀況，定期做健康檢查，並留心是否曾發生胸悶、昏倒、氣促等前驅病症。
,,,,,,
高血壓  ,"Hypertension, H/T, HTN","心臟血管科,家醫科","心臟,血管",高血壓是指靜止狀態時所測得的血壓持續地高於或等於140（收縮壓）或90（舒張壓）mmHg。高血壓與國人十大死因中的腦血管疾病（第二名）、心臟病（第三名）及腎臟病（排名六至八名）密切相關。顧名思義，血壓是血液施於血管壁的壓力，心臟在收縮時血管壓力較高，測得的血壓稱為收縮壓，放鬆時壓力減小，稱為舒張壓。一般健康成人的收縮壓約在120、舒張壓約在80毫米汞柱之間，當收縮壓來到130-139、舒張壓來到85-89mmHg，就可能進入高血壓前期，屬病發之灰色地帶，需開始留意飲食與生活型態的調適，以預防血壓值繼續攀高。高血壓初期沒有明顯症狀，有些則有上述一些非特異性的症狀，患者很難自我察覺。臨床表現的症狀，通常是因為高血壓已持續好一段時間，傷害到心血管系統而引發，可能病徵有疲乏、頸部痠痛、頭昏、頭痛、失眠及心悸等。高血壓也會加速血管硬化，帶來諸多併發症，如心臟病、腦中風、視網膜病變及腎病等。高血壓患者若合併高膽固醇或高血脂症，發生心血管疾病的危險機率會增加一倍，如再加上吸菸，致病率更高。一兩次血壓測量值偏高，不代表一定就罹患高血壓，這可能是基於某些外在變因，如剛進行劇烈運動或情緒過於激動等，但假使在固定時間、不同天數的測量值，超過三次以上為血壓過高，則應盡速就醫查明，做進一步的控制。,['頭重．暈眩．頭痛．流鼻血．耳鳴．眼花．失眠．心悸．疲累．肩膀痠痛．無精打采．噁心．嘔吐．抽搐．昏迷'],養成定時定期測量血壓的習慣，並做記錄。
,,,,,,
低血壓  ,Hypotension,"心臟血管科,家醫科","心臟,血管",低血壓是一種血壓過低的疾病，比起高血壓更難以被察覺，因為高血壓所引起的併發症如心臟病等，其嚴重性較引人關注，但低血壓也是許多危險疾病的共通徵兆，同樣需要重視。通常成人理想的血壓，收縮壓應在120、舒張壓應在80 mmHg左右，如果收縮壓低於90、舒張壓低於60mmHg，就算是低血壓。低血壓的種類可細分為體質性與器質性。不少疾病會讓體內血壓偏低，例如心臟病、糖尿病、低血糖症、過敏反應、感染等，器質性低血壓便是由這些疾病所引發。其他非疾病所造成的低血壓屬體質性低血壓，通常是暫時性的，包括姿勢性低血壓，因姿勢突然變化而引起，如從坐或躺改為站立；另一種神經迷走性低血壓，常見於年輕人，是在久站之後導致血壓過低和心跳緩慢，引起的低血壓症狀。一般來說，低血壓的臨床表現並不明顯，多數人可能感到全身無力、疲倦、嗜睡、做什麼都提不起勁等，像是慢性疲勞症候群的病徵。少部分嚴重低血壓者，因流入大腦的血液不足，或者心臟需要多次做工將血液送出，所以會出現頭暈眼花、心悸等症狀。然而，長期血壓偏低所帶來的併發問題卻不少，如情緒低落和憂鬱。大腦經常處於供血不足的狀態，也容易讓注意力不易集中，記憶力減退、思考變慢，增加罹患失智症、阿茲海默症的機率。,['易疲倦．全身乏力．昏沉嗜睡．暈眩．耳鳴．視力模糊．注意力不集中．四肢冰冷．冒冷汗．心悸．胸悶．食慾不振．貧血．腹鳴．便祕．下痢．腸積氣．腹部鼓脹．打嗝．意識不清．腳腫．昏厥．休克'],作息要規律，充分休息與睡眠。勞累會使血壓變低，因此一定要避免熬夜和過勞。睡覺時可多墊幾個枕頭，抬高頭部，幫助減輕低血壓症狀。
,,,,,,
先天性心臟病  ,"Congenital Heart Disease, CHD","心臟血管科,小兒科",心臟,先天性心臟病是胎兒還在母體時，心臟發育不良而引起的先天性疾病。在懷孕初期約三到八週時，胎兒的心臟會從幾個細胞生長成的血管，慢慢分化為左右心房與心室、上下腔靜脈、肺動脈、主動脈及肺脈等構造，在腔室之間還會形成瓣膜，這個過程如果受某些特殊的外在或內在因素影響，阻礙到心臟正常發育，就會導致心臟先天畸形。按照臨床症狀之不同，先天性心臟病又可分為發紺型心臟病、非發紺型心臟病及阻塞型心臟病三大類。其中，發紺型心臟病主要症狀是病童身上出現發黑、發紫或缺氧的現象，原因是血液中含氧量過低，最有名的是法洛氏四合症，其他像是單一心室、右心室雙出口、大血管轉位、肺靜脈迴流異常、三尖瓣或肺動脈瓣閉鎖等，也都屬於發紺型心臟病。非發紺型心臟病則是在心臟或大血管之間出現由左到右的分流，包括心房中膈缺損、心室中膈缺損、開放性動脈導管等，最後易發展為心臟衰竭。至於阻塞性心臟病則包括了主動脈狹窄與主動脈窄縮、肺動脈狹窄等。有些先天性心臟病患者得以在五歲前自癒，但絕大多數需要動外科手術，例如心導管治療術、氣球導管心房中膈造口術、開心手術等，另有內科治療，針對不同的病情投以藥物、限制鹽分和水分，或補充鐵劑和綜合維他命等。,['易流手汗．焦慮．緊張．頭痛．臉色蒼白．呼吸困難．呼吸急促．嘴唇發紫．四肢發紺．四肢浮腫．心悸．心跳快．心臟雜音．發育遲緩．體力差．易疲倦．胸痛．暈厥'],懷孕初期胎兒心臟仍在成形階段，應注意避免缺乏微量元素、營養不良、營養過度、過度補充維生素等問題，最好按照醫師的指示再做補充及調整。
,,,,,,
心肌炎  ,myocarditis,心臟血管科,心臟,心肌炎是指心臟肌肉受到病毒、細菌、毒素等侵犯，或自身免疫反應引起，導致心臟肌肉發炎甚至壞死。臨床上以病毒性心肌炎最常見。部份心肌炎病例一開始症狀不明顯，初期類似感冒或腸胃炎，因此很容易被誤判。如感冒或腸胃炎症狀持續數周都沒好，甚至陸續出現心悸、氣喘、胸痛等症狀，應趕快就醫確認。診斷上，若X光顯示心臟腫大合併肺水腫，心電圖呈現心律不整等，就有可能是心肌炎。心肌炎若發生在嬰幼兒多為急性，甚至猛爆性發作而致命。於較大孩童或青少年發病則較緩慢，剛開始可能無明顯症狀。有顯著症狀的心肌炎死亡率達22%，猛爆性死亡率高達50%到70%。心肌炎約九成患者會自行痊癒，只有一成會變為重症，需依賴體外循環機（葉克膜）或緊急換心，才能延續生命。痊癒後的患者仍需長期追蹤，因為罹患心肌炎後的心臟有可能在未來產生擴張性心肌病變。,['咳嗽．發燒．流鼻水．倦怠．腹瀉腹痛．肌肉疼痛．頭暈．嘔吐．胸痛．心跳加快．昏倒．異常心音．心律不整．發紺．浮腫．心悸．氣喘'],盡量避免感冒，秋冬可施打流感疫苗。
,,,,,,
冠心病  ,coronary artery disease,心臟血管科,心臟,冠心病，是冠狀動脈心臟病的簡稱，又稱缺血性心臟病，是最常見的一種心臟病。環繞在心臟表面的冠狀動脈，主要負責供應心臟氧氣和養分，當脂肪堆積而使動脈血管變窄或阻塞，就叫動脈粥狀硬化。如果只有慢性阻塞，通過的血流量減少導致缺氧但無心肌壞死，即為「狹心症」；如有急性阻塞，心肌突然得不到氧氣供應造成組織壞死，就是「急性心肌梗塞」，嚴重可致休克、死亡。冠心病過去是以中老年人為主的疾病，但近年患者年紀下降，據研究與人們飲食習慣、生活習慣的改變有關。包括冠心病在內的心血管疾病，長年高居國人十大死因前三名。,['胸悶．胸痛．喘不過氣．心悸．暈倒．冒冷汗．噁心．嘔吐．呼吸困難．頭暈'],控制心血管疾病危險因子，包括血壓、血糖、血脂、膽固醇的監控。
,,,,,,
皮膚癌  ,SkinCancer,"血液腫瘤科,皮膚科",皮膚,皮膚癌是指皮膚表面發生的惡性腫瘤，好發生臉、頸、手臂常被陽光照射的部位，最常見的三種為：．基底細胞癌：為最常見的皮膚惡性腫瘤，通常看起來表皮周圍光亮凸出；呈現膚色伴隨有微血管擴張的小腫塊，中間偶爾有潰瘍傷口，70%到90%發生在臉部等陽光照射到的地方。．鱗狀細胞癌：皮膚外觀上多半為突出的屑狀角化腫瘤或潰瘍，容易發生在陽光長期照射之處，如耳朵；臉部；唇和嘴部，有時會發生在腿或腹壁等受到慢性傷害或輻射的部位。鱗狀細胞癌通常會發展成如蕈樣狀的腫塊。．黑色素細胞癌：黑色素細胞癌較常出現在肢端如手指腳趾、手掌腳掌、趾甲等處，但也可能出現在身體任何一處，包括臉部及黏膜，通常以墨黑色或色澤不均的斑塊出現，也可能呈現凸起的腫塊。,['皮膚不明腫塊．痣變大．痣變色．傷口久不癒合'],平時應保持皮膚局部清潔，防止發生感染。
,,,,,,
血癌  ,Leukemia,血液腫瘤科,血液,白血病就是血癌，是一種造血細胞的惡性增生性病變。病人的骨髓造血系統產生大量不成熟、無法正常工作的白血球，造成正常的血小板、紅血球、白血球減少。,['貧血．皮膚點狀出血．皮膚青腫．發燒．淋巴結腫大．骨頭疼痛．關節痛．牙齦腫脹．肝脾腫大．頭痛．嘔吐．心包膜積水．肋膜腔積水．心臟衰竭．呼吸困難．心跳加快．有倦怠感．體重減輕．帶狀皰疹．肺炎'],不吸菸。
,,,,,,
肝癌  ,Liver Cancer,"血液腫瘤科,胃腸肝膽科",肝,肝癌是指發生於肝臟的癌症，如果是肝臟內的細胞所引發的癌病，我們稱之為「原發性肝癌」，若是肝外的癌細胞透過血液或其他途徑擴散至肝臟的話，則稱之為「轉移性肝癌」。,['肝區疼痛．乏力．黃疸．腹水．體重減輕．食慾減退．上腹悶脹．噁心嘔吐．腹瀉．咳嗽．咳血．發燒．胸痛．呼吸困難'],不吸菸、不酗酒。
,,,,,,
胃癌  ,Stomach Cancer,"血液腫瘤科,胃腸肝膽科",胃,從胃任一部位發生癌變，長出來之惡性細胞的腫瘤都被稱為「胃癌」，包括腺癌、淋巴癌、惡性肉瘤等，不過由胃黏膜腺體細胞長出的腺癌佔了絕大多數，因此一般通稱胃癌指的就是胃腺癌。,['上腹部不適．胃痛．泛酸．噯氣．食慾減退．噁心．胃脘部灼熱．腹瀉．黑便．體重減輕'],飲食多樣化，不偏食，注意營養成分的搭配。
,,,,,,
膽囊癌  ,Gallbladder Carcinoma,"血液腫瘤科,胃腸肝膽科",膽,膽囊的主要功能是儲存膽汁，膽汁則可以幫助油脂食物的消化，膽囊癌非常少見，大部份的膽囊癌在發現時都已很難治療處理，若是膽囊癌已到末期，也無法將膽囊切除治療。,['右上腹脹痛．食慾不振．噁心．嘔吐．黃疸．高燒、右上腹腫塊．腹水'],定期至醫院健康檢查，在橡膠有關行業工作的人較容易得到膽道系統的癌症，更應該定期檢查。
,,,,,,
嗜鉻細胞瘤  ,Pheochromocytoma,血液腫瘤科,腎上腺,嗜鉻細胞瘤起源於腎上腺髓質、交感神經節或其他部位的嗜鉻組織，這種瘤持續或間斷地釋放大量「兒茶酚胺」，引起持續性或陣發性高血壓和多個器官功能及代謝紊亂，約10％為兩側性惡性腫瘤。,['高血壓．心悸．氣短．胸悶．頭痛．面色蒼白．大量出汗．視力模糊．皮膚潮紅．噁心．嘔吐．體溫升高．血糖升高．便秘．四肢震顫．心絞痛．焦慮．瞳孔散大'],定期至醫院健康檢查（抽血檢驗、電腦斷層掃瞄）。
,,,,,,
神經母細胞瘤  ,Neuroblastoma,血液腫瘤科,"腎上腺,神經",神經母細胞瘤是一種生長快速的腫瘤，是兒童癌症當中，最常見之惡性腫瘤，兒童神經母細胞腫瘤是交感神經系統細胞在胚胎發育過程中產生突變而長出的腫瘤，這些神經節分布在身體的許多部位，通常從腎上腺髓質或交感神經節以腹部腫瘤形式出現，也會在胸部、頸部、骨盆或頭部發現。,"['疾病原因源於神經脊的胚胎瘤，屬交感神經系統腫瘤，因多能性交感神經元母細胞和交感神經母細胞分化功能變差，形成腫瘤惡性增殖，演變為神經母細胞瘤。腫瘤會發生在「交感神經系統」分佈的任一部位，但最常發生在後腹腔，尤其好發於「腎上腺」，約50%以上。此症發生原因不明，有文獻指出，與第1對染色體長臂1g21.1基因異常相關，另發現少數個案有家族史，應與「遺傳因子」有關。', '）．肚子腫大．呼吸困難．下肢麻痺．四肢無力．步態不穩．貧血．高血壓．頭痛．潮紅．盜汗']",孕婦懷孕期間，盡量避免感染、接觸放射線。
,,,,,,
黑色素瘤  ,Melanoma,"血液腫瘤科,皮膚科,一般外科","皮膚,指甲,黏膜",黑色素瘤是一種主要出現在皮膚的惡性黑色素細胞腫瘤，是皮膚癌中罕見的一種，但惡性程度高，是皮膚癌的主要死亡原因之一，較常出現在肢端如手指腳趾、手掌腳掌、趾甲等處。但也可能出現在身體任何一處，包括臉部及黏膜，通常以墨黑色或色澤不均的斑塊出現，也可能是凸起的腫塊。黑色素細胞癌可產生在身體任何部位，大多產生在女性的下肢，男性的身上，東方人好發在指甲或痣邊不規則。,['痣變大．痣變色'],加強自我身體檢查，以期提早發現。自我檢查身體皮膚是否有色素斑點形狀不對稱、色素斑邊緣不規則、色素斑色素不均勻、在原本深色的斑點中出現淺色的變化，或是在淺色斑塊中顏色加深等情形，若是有上述情形應及早就醫診治。
,,,,,,
淋巴癌  ,Lymphoma,血液腫瘤科,淋巴系統,淋巴瘤為淋巴系統的惡性腫瘤。依照病理診斷，可分成「何杰金病」與「非何杰金氏淋巴瘤」兩個大類。淋巴癌初期並無明顯特殊的症狀，後期是因為引起免疫反應而造成症狀。,['淋巴腺腫大．貧血．發燒．出汗．體重減輕．皮膚瘙癢．疲倦．咳嗽'],保持規律生活：不熬夜、不抽菸喝酒、養成運動習慣、飲食均衡。
,,,,,,
睪丸癌  ,Testicular cancer,"血液腫瘤科,泌尿科",睪丸,正常的男性陰囊內有兩粒睪丸，右左各一粒， 主要的功能是製造精子及產生睪丸固酮，以維持男性生殖及性功能。睪丸癌是指一個或兩個睪丸的細胞異常生長所形成的癌病。,['睪丸腫大．睪丸有沈重感．睪丸疼痛．陰囊積水．睪丸內出血．乳腺增大．乳腺疼痛．背痛．咳嗽．咳血．骨頭痛．下肢浮腫'],男性洗澡時可檢查自己的睪丸，看看兩邊睪丸大小是否一致，若有發現異常，應立即找專科醫師診治。
,,,,,,
膀胱癌  ,Bladder cancer,"血液腫瘤科,泌尿科",膀胱,膀胱癌是指各種發生在膀胱的惡性腫瘤，也就是膀胱內有異常細胞大量增殖而不受控制。膀胱癌的種類：90％是「移形性細胞癌」，6％是「上皮細胞癌」，另有少部分是「腺癌」。症狀方面，約85％病人有無痛血尿，20％病人有頻尿症狀，如病情嚴重會導致排尿困難。,['無痛血尿．頻尿．排尿困難．膀胱炎．尿路感染．膀胱出口阻塞．腎絞痛．體重減輕．腹痛．骨頭痛．貧血'],日常生活中避免接觸一些化學物質，如染髮劑。
,,,,,,
食道癌  ,Esophageal Cancer,"血液腫瘤科,呼吸胸腔科",食道,食道癌為食道腫瘤，食道的腫瘤常會導致吞嚥困難、疼痛和不舒服，須靠活組織切片檢查做診斷。小的且沒有轉移的腫瘤可靠外科手術治療，而侵犯性強的腫瘤則須靠化學療法、放射線療法或合併使用治療，此病的預後情形較差。,['吞嚥困難．吞嚥時有疼痛感．噁心．嘔吐．嘔血．胃食道逆流．咳嗽．發燒'],不抽菸、不吃檳榔、飲酒勿過量。
,,,,,,
鼻咽癌  ,Nasopharyngeal Carcinoma,"血液腫瘤科,耳鼻喉科",鼻,鼻咽癌是鼻咽腔內長惡性腫瘤，由於鼻咽腔位於鼻子後方和喉嚨交界之處，因此常被誤為是感冒、火氣大，而延誤治療佳機，鼻咽癌早期症狀不明顯，常在未發覺鼻咽部長出惡性腫瘤前，癌細胞已轉移至其他部位，而錯失治療時機。,['頭頸部腫大．單側耳塞．持續性耳鳴．聽力障礙．單側鼻塞或鼻涕增多．頭痛．口鼻不明原因滲血．鼻腔蓄膿．眼球內斜．複視．視力模糊．臉部知覺麻痺'],少吃含脂肪、煙燻、鹽醃、醃製之食物，不吃含防腐劑、色素、受污染、發霉之食物，多吃富含纖維及維他命A、C之食物，烹煮食物時儘量以蒸煮方式代替油煎油炸。
,,,,,,
甲狀腺癌  ,Thyroid carcinoma,"甲狀腺腫瘤,代謝內分泌科",甲狀腺,甲狀腺癌依其組織形態之不同，可大分為乳突癌、濾泡癌、髓質癌、未分化癌四類，其中以「乳突癌」所佔比例最高，其他的癌則較少。甲狀腺癌的發生率較低，容易治癒。,['頸部腫大．頸部硬塊．聲音沙啞．吞嚥困難．體重減輕．呼吸困難．胸部不適'],洗澡時可仔細檢查自己的頸部，看看是否有異常凸起的腫塊，若有發現異常，應儘快找醫師檢查，以便早期發現及早治療。
,,,,,,
腎癌  ,renal cell carcinoma,"血液腫瘤科,泌尿科,腎臟科",腎,腎臟位於後腹腔脊柱的兩旁，主要負責生成尿液和排泄尿液。廣義的腎臟腫瘤包含了血管脂肪瘤，腎囊腫等良性腫瘤及惡性腫瘤。其中惡性腫瘤佔1~5％，又稱為腎臟癌。,['腹部疼痛．血尿．疲勞．發燒．盜汗．食慾不振．體重減輕．腹部腫塊．貧血．咳血．感覺遲鈍．雙腿水腫．腰痛'],不抽菸、不吃檳榔、飲酒勿過量。
,,,,,,
肺癌  ,Lung cancer,"血液腫瘤科,呼吸胸腔科,胸腔外科",肺,肺癌指的是肺部組織內細胞生長失去控制的疾病。肺癌通常分成兩大類型：「小細胞型肺癌」和「非小細胞型肺癌」。「小細胞型肺癌」多發生於男性，且與抽菸有密切關係。「非小細胞型肺癌」是最常見的肺癌。,['咳嗽．咳血．厭食．呼吸困難．肋膜積水．聲音嘶啞．吞嚥困難．上腔靜脈症候群．手臂疼痛．手臂無力．頭痛．嘔吐．視覺障礙．骨頭疼痛．體重減輕'],不吸菸與戒菸：菸為致癌物，吸菸尤其會引起肺癌。
,,,,,,
肺腺癌  ,Lung adenocarcinoma,"血液腫瘤科,呼吸胸腔科,胸腔外科",肺,肺腺癌是肺癌的一種，屬於非小細胞癌，大多發生在較小的支氣管粘膜分泌粘液的上皮細胞，肺部的週邊，腫瘤擴大的速度較慢，早期無徵兆，通常診斷出來時已經是晚期。,['咳嗽．咳血．胸悶．胸痛．發燒'],55至74歲，過去有吸菸史者（超過30包/年），可考慮每年接受低劑量電腦斷層篩檢，以期早期發現、早期治療。
,,,,,,
子宮頸癌  ,Cervical Cancer,"血液腫瘤科,婦產科",子宮,子宮頸癌是由於「人類乳突病毒」長期慢性感染子宮頸上皮細胞，導致上皮細胞化生不良，進而癌化。早期的子宮頸癌可能完全沒有症狀，後期的子宮頸癌的症狀則因侵入或擴散的器官而有所不同。,['陰道出血．分泌物增多'],台灣是子宮頸癌好發國家，有性行為的婦女，無論有無危險因子均應每年接受「子宮頸抹片檢查」。如有危險因子可加作人類乳突病毒檢測，當抹片異常或人類乳突病毒呈現陽性者均需加作陰道鏡檢查，如發現異常即需進一步切片檢查並進行治療。
,,,,,,
子宮內膜癌  ,carcinoma of the endometrium,"血液腫瘤科,婦產科",子宮,女性子宮腔內覆蓋著一層上皮稱為子宮內膜，包含有基質與小腺體，子宮內膜癌是子宮內膜上的細胞變化長出癌細胞。,['停經後出血．異常子宮出血．腹部疼痛．月經不規則．子宮積膿．貧血'],更年期或停經後的女性，應謹慎使用雌激素荷爾蒙治療。
,,,,,,
乳癌  ,Breast cancer,"血液腫瘤科,一般外科,整形外科",乳房,乳房是由乳腺小管、乳腺小葉及腺泡上皮構造所組成的，主要功能是製造乳汁。乳癌是由於惡性腫瘤侵略並破壞乳房正常組織而形成的癌病腫瘤，是比較容易早期發現的癌症。,['乳房腫塊．乳腺疼痛．乳頭流液．乳頭出血．乳頭凹陷．乳房外型改變．乳房皮膚呈橘皮組織．乳房紅腫．乳房潰爛．腋下淋巴腺腫大'],定期自我乳房檢查：女性應每天稍加留意自我檢查乳房，一旦出現有疑似乳癌初期的症狀時，應該進一步的到醫院追蹤確認。
,,,,,,
卵巢癌  ,"Ovary cancer,Ovarial cancer","血液腫瘤科,婦產科",卵巢,卵巢是女性的生殖器官，主要功能是排卵，並且產生女性荷爾蒙，包括動情激素及黃體激素，卵巢癌是指女性卵巢內的正常細胞出現異常分裂的情形，並形成腫瘤。,['便秘．腹瀉．腹部疼痛．腹部腫脹．噁心．脹氣．體重減輕．下肢水腫．外陰水腫．月經失調．陰道出血．頻尿．排尿困難．腰部疼痛'],若有卵巢腫塊，或大於6cm的囊腫，應立即進行手術切除。
,,,,,,
陰道癌  ,Vaginal cancer,"血液腫瘤科,婦產科",陰道,陰道是女性外生殖器通往子宮頸的通道，陰道癌是指發生在陰道部位的惡性腫瘤。陰道癌好發於陰道上三分之一段，也就是接近子宮頸的部份， 通常是繼發性的。原發性陰道惡性腫瘤很罕見，約占女性生殖器官惡性腫瘤的1%。,['白帶增多．陰道分泌物增多．陰道出血．頻尿．血尿．血便．便秘．腹痛．陰道異味．腰部酸痛．腹脹．性交疼痛．陰道搔癢．陰道有隆起物'],陰道癌前病變和早期陰道癌可於「子宮頸篩檢抹片」中發現，因此有性行為的女性均應每年定期接受「子宮頸抹片檢查」，與婦產科內診。另外早婚、生育子女多、性生活頻繁或子宮頸曾受病毒感染者，更應特別注意，以期及早發現治療。
,,,,,,
攝護腺癌  ,Prostatic cancer,"血液腫瘤科,泌尿科",攝護腺,前列腺屬於男性生殖系統，主要功能是製造與貯存前列腺液，並在射精時成為精液重要的一部份，前列腺癌是發生在前列腺的惡性腫瘤，發病率隨年齡而增長。,['排尿疼痛．排尿困難．頻尿．夜尿．血尿．性功能障礙．勃起困難．射精疼痛．漏尿．背痛．臀部痛．骨盆痛．尿流口徑減小．血精'],定期健康檢查、直腸指診、抽血篩檢（前列腺特異抗原 PSA），以期早期發現及早診斷治療，尤其是老年人在健康檢查時，應特別注意前列腺情況。
,,,,,,
血友病  ,Hemophilia,"血液腫瘤科,小兒科",血液,血友病是一種先天性血液凝固異常的出血疾病，病患先天缺乏某一種凝血因子，導致凝血功能障礙，不容易凝固，身上經常出現不明瘀青，如果有嚴重創傷，就可能有出血不止的情況。血友病依其缺乏凝血因子種類之不同，可分為A型、B型、C型三種血友病。,['出血不止．淤青'],有家族性血友病史的孕婦可考慮接受羊膜穿刺檢查，抽取羊水主要是檢驗胎兒的染色體是否異常，檢驗羊水細胞內的基因（ＤＮＡ組成）可診斷出血友病。
,,,,,,
地中海貧血  ,Thalassemia,"血液腫瘤科,小兒科,家醫科",血液,地中海型貧血是一種隱性的先天性遺傳疾病，最早發現於地中海地區而得名，又被稱為海洋性貧血，是台灣常見的遺傳性血液疾病之一。患者先天紅血球的結構異常，較脆弱且容易破裂，攜氧功能亦不足。輕度者不影響日常生活，嚴重者需接受輸血等治療。,['貧血．虛弱．腹部突出．發育遲緩．肝脾腫大．黃疸．骨骼變形．蒼白．頭暈．疲倦．胎兒水腫．運動耐受力降低'],孕婦應接受產前檢查，篩檢地中海貧血。
,,,,,,
難治性高血壓  ,Resistant hypertension,心臟內科;腎臟內科;內科;家醫科,腎交感神經亢奮恐是原因之一,使用三種以上的降血壓藥（包括利尿劑），使用劑量在可忍受的最高劑量下，血壓仍不能降到140／90mmHg以下，被診斷為難治性高血壓。,[],固定量血壓：722
,,,,,,
脾破裂  ,Splenic Rupture,一般外科,脾,脾臟含有大量的血液，外觀呈暗紅色，受傷破裂時，會導致腹腔出血，引起腹膜炎及休克等症狀。,['出血．腹痛．腹脹．口渴．心悸．呼吸急促．皮膚蒼白．四肢冰冷．血壓下降'],脾臟腫大的人，應盡量避免劇烈的運動。
,,,,,,
勃起功能障礙  ,Erectile dysfunction,泌尿科,陰莖,勃起功能障礙是指男性在性交時，陰莖無法勃起或維持勃起硬度，來進行性行為，病程達3個月以上，是男性性功能障礙的一種。,['陰莖無法勃起．勃起硬度不足．不射精．早洩．射精疼痛'],生活作息規律，避免熬夜及過度勞累，睡眠要充足。
,,,,,,
十二指腸潰瘍  ,duodenal ulcer,胃腸肝膽科,十二指腸,十二指腸潰瘍是因為十二指腸黏膜被胃液侵蝕，造成黏膜受損，產生糜爛的現象，是消化性潰瘍的一種。,['腹痛．腹部灼熱感．胸悶．胃痛．餓痛．胃脹．胃悶．胃酸過多．易餓．睡眠品質差．頭昏．腦脹．頸部酸緊．全身酸痛．火氣大．溢酸．打嗝．噁心．嘔吐．消化不良．食欲不振．腹瀉．便秘．吐血．黑便．血便'],避免暴飲暴食，進食要細嚼慢嚥，用餐宜七分飽，少量多餐，飲食均衡營養且清淡。睡前兩個小時應避免飲食，戒掉吃宵夜的習慣，才能讓食物充分消化。
,,,,,,
腸躁症  ,Irritable Bowel Syndrome,"胃腸肝膽科,身心精神科",大腸,腸躁症是指腸道的構造正常，但是功能異常，是常見的腸道功能性障礙疾病。腸躁症可分為腹瀉型、便秘型和腹痛型三類，也可能會多種症狀同時反覆發生。,['腹脹．腹痛．腹瀉．便秘．噁心．反胃．胃痛．胃脹．胃悶．消化不良．食欲不振．疲倦．水便．排便次數增加．不易解便．排便不淨．排便費力．排氣'],少吃高油脂及刺激性食物，或是如糯米等較難消化的食物，儘量避免食用乳製品。
,,,,,,
大腸息肉  ,adenomatous polyposis,胃腸肝膽科,大腸,大腸息肉是指大腸黏膜表面長出的突起物，是因表皮不正常增生所形成。大腸息肉演變為大腸癌的可能性很高，應定時追蹤檢查。,['血便．排便不淨．腹痛．便秘．噁心．嘔吐．腹瀉'],多攝取富含纖維質的蔬菜水果，可增進腸道蠕動，促進排便。少吃紅肉與加工食品，避免食用高溫燒烤的食物。
,,,,,,
膽結石  ,Gallstones,胃腸肝膽科,膽,膽結石是因膽汁中的膽固醇濃度增加，致使膽汁過於濃稠，逐漸形成結晶所造成。依發生位置可分為膽囊結石及膽管結石。膽結石形成後，不會自行溶解消失。,['腹痛．消化不良．腹脹．胃痛．反胃'],避免暴飲暴食，進食要細嚼慢嚥，用餐宜七分飽，且要定時定量、少量多餐。飲食均衡營養且清淡。
,,,,,,
膽囊炎  ,Cholecystitis,"胃腸肝膽科,一般外科",膽,膽囊炎的主因是因膽結石阻塞膽囊出口，引起發炎，為膽結石最常見的併發症。通常是先用抗生素治療，若病情仍無法控制，則須以手術做膽囊切除，以免有後遺症。,['腹痛．發燒．腹部硬塊．食慾不振．噁心．嘔吐．脹氣．灰色便．茶色尿．皮膚搔癢．心灼熱．消化不良．體重減輕．背痛'],避免暴飲暴食，進食要細嚼慢嚥，用餐宜七分飽，且要定時定量、少量多餐。飲食均衡營養且清淡。
,,,,,,
膽囊息肉  ,gallbladder polyp,胃腸肝膽科,膽,膽囊息肉是指膽囊內壁黏膜上突起的增生組織，在超音波影像上，呈小結節狀或乳頭狀隆起物，多數病患沒有不適感，通常在例行健檢或是膽結石術後才發現膽囊息肉。可分為良性或惡性病變，大部分的膽囊息肉為良性病變，部分尺寸較大的息肉可能是惡性腫瘤。,"['疾病原因膽囊息肉可分為「良性息肉」與「惡性息肉」，大部分的膽囊息肉都是良性，若息肉大於1.2公分，有可能會發生病變。「膽囊息肉病變」依組織類型可分為「非腫瘤性」與「腫瘤性」兩大類，非腫瘤性約佔85-90%，大致可分為：膽固醇性息肉：此類型最常見，比例約為60-65%。是指膽固醇代謝失調，造成膽汁中膽固醇含量異常增高，膽固醇的代謝物侵入黏膜，使黏膜增生形成息肉。當息肉直徑超過1公分時，建議病患接受膽囊摘除術的治療。膽囊腺肌增生症：膽囊肌層增厚，黏膜上皮會陷入並穿過肌層，形成膽囊壁內小憩室或囊腫病灶。比例約為25%，可能會變成惡性腫瘤，須定期追蹤檢查。膽囊炎性息肉：因慢性膽囊炎或膽結石刺激膽囊壁，引起的肉芽組織增生或肉芽腫，比例約為10%。單純炎性息肉不會發生癌病變，但若膽囊炎性息肉同時合併結石，會增加癌變的機率，建議病患接受膽囊摘除術的治療。膽囊腺瘤：是常見的膽囊良性腫瘤，為黃色質軟的疣狀物，比例約為4-8%，有可能會變成惡性腫瘤，須定期追蹤檢查。可分為管狀腺瘤、乳突狀腺瘤和混合性腺瘤。膽囊纖維性息肉。膽囊肉芽組織息肉。膽囊淋巴性息肉。', '腹痛．飽餐後不適感']",避免暴飲暴食，進食要細嚼慢嚥，用餐宜七分飽，且要定時定量、少量多餐。飲食均衡營養且清淡。
,,,,,,
腹膜炎  ,腹膜炎,"胃腸肝膽科,一般外科",腹腔,腹腔為身體最大的空腔，腹膜包覆大部分腹腔內的器官。腹膜炎是指腹膜有發炎反應，主要由細菌感染、化學性物質、物理損傷等引起，其中以細菌感染引起最多。腹膜炎若未及時治療，可能危及生命,['腹痛．腹脹．噁心．嘔吐．發燒．畏寒．食慾不振．排尿減少．呼吸困難．血壓下降．白血球升高'],腹膜透析治療的病患，如要拔牙、或做大腸鏡等侵入性檢查，應先告知醫生，給予預防性抗生素，降低腹膜炎發生的風險。
,,,,,,
胃病  ,"Stomach trouble,Gastric disease",胃腸肝膽科,"胃,食道,十二指腸",胃屬於消化系統的一部份，在上腹部中間偏左的位置。胃病是胃多種症狀的統稱。,['溢酸．打嗝．噁心．嘔吐．胃痛．胃脹．胸悶．腹脹．腹痛．消化不良．食欲不振．腹瀉．便秘．吐血．黑便．血便'],避免暴飲暴食，進食要細嚼慢嚥，用餐宜七分飽，少量多餐。睡前兩個小時應避免飲食，戒掉吃宵夜的習慣，才能讓食物充分消化。
,,,,,,
胃潰瘍  ,"Gastric ulcer, Stomach ulcer",胃腸肝膽科,"胃,食道,十二指腸",胃潰瘍是因為胃壁受到胃液的腐蝕造成黏膜受損，使黏膜層產生糜爛的現象。潰瘍的部位通常發生在胃、食道，或是十二指腸，是消化性潰瘍的一種。,['腹痛．腹部灼熱感．胸悶．胃痛．胃酸過多．胃脹．胃悶．易有飢餓感．口苦．口乾．口臭．睡眠品質差．頭昏．腦脹．頸部酸緊．全身酸痛．火氣大．溢酸．打嗝．噁心．嘔吐．消化不良．食欲不振．腹瀉．便秘．吐血．黑便．血便'],避免暴飲暴食，進食要細嚼慢嚥，用餐宜七分飽，少量多餐。飲食均衡營養且清淡，睡前兩個小時應避免飲食，戒掉吃宵夜的習慣，才能讓食物充分消化。
,,,,,,
急性胃炎  ,Acute gastritis,胃腸肝膽科,胃,因胃黏膜被破壞，黏膜的再生能力下降，使胃黏膜有發炎、充血、局部糜爛等現象， 導致急性胃炎。急性胃炎經過治療後，症狀會改善或消失，但有時也會變成慢性胃炎。,['腹痛．腹部灼熱感．胸悶．胃痛．胃酸過多．胃脹．胃悶．易有飢餓感．溢酸．打嗝．噁心．嘔吐．消化不良．食欲不振．腹瀉．便秘．吐血．黑便．血便'],避免暴飲暴食，進食要細嚼慢嚥，用餐宜七分飽，且要定時定量、少量多餐。飲食均衡營養且清淡，睡前兩個小時應避免飲食，戒掉吃宵夜的習慣，才能讓食物充分消化。
,,,,,,
慢性胃炎  ,Chronic gestritis,胃腸肝膽科,胃,胃炎是因胃黏膜對酸的抵抗力降低，造成胃黏膜發炎或糜爛出血的現象。慢性胃炎則是胃黏膜反覆發炎，長期有胃部不適、灼熱的症狀。,['腹痛．腹部灼熱感．胸悶．胃痛．胃酸過多．胃脹．胃悶．易有飢餓感．溢酸．打嗝．噁心．嘔吐．消化不良．食欲不振．腹瀉．便秘．吐血．黑便．血便'],避免暴飲暴食，進食要細嚼慢嚥，用餐宜七分飽，且要定時定量、少量多餐。飲食均衡營養且清淡 。睡前兩個小時應避免飲食，戒掉吃宵夜的習慣，才能讓食物充分消化。
,,,,,,
功能性消化不良  ,Functional dyspesia,胃腸肝膽科,"腹部,胃部,食道,十二指腸",功能性消化不良是指有上腹痛、上腹悶脹、食欲不振、噁心、嘔吐感等，上腹部不適的症狀，經檢查並未有器質性病變（如消化性潰瘍、胃癌等）。且症狀會持續或反覆發作，不易根治。,['溢酸．打嗝．噁心．嘔吐．胃痛．胃脹．胸悶．腹脹．腹痛．消化不良．食欲不振．腹瀉．便秘．易有飽脹感'],避免暴飲暴食，進食要細嚼慢嚥，用餐宜七分飽，且要定時定量、少量多餐。飲食均衡營養且清淡，睡前兩個小時應避免飲食，戒掉吃宵夜的習慣，才能讓食物充分消化。
,,,,,,
胃下垂  ,"Gastoptosis, ptosis of the stomach",胃腸肝膽科,胃,胃下垂是指胃的下端處，有一小彎角，位置偏低，是一種功能性疾病。因胃的平滑肌乏力或韌帶鬆弛，而無法將胃固定在正常的位置所致。,['腹痛．腹脹．胃痛．胃脹．胃悶．打嗝．噁心．嘔吐．消化不良．食欲不振．腹瀉．便秘．易有飽脹感'],避免暴飲暴食，進食要細嚼慢嚥，用餐宜七分飽，且要定時定量、少量多餐。飲食均衡營養且清淡，睡前兩個小時應避免飲食，戒掉吃宵夜的習慣，才能讓食物充分消化。
,,,,,,
胃炎  ,Gastritis,胃腸肝膽科,胃,胃炎是指胃黏膜發炎或糜爛出血的症狀。可分為急性胃炎和慢性胃炎兩種。,['上腹部疼痛．上腹部灼熱感．胸悶．胃痛．胃酸過多．胃脹．胃悶．易有飢餓感．溢酸．打嗝．噁心．嘔吐．消化不良．食欲不振．腹瀉．便秘．吐血．黑便．血便'],避免暴飲暴食，進食要細嚼慢嚥，用餐宜七分飽，且要定時定量、少量多餐。飲食均衡營養且清淡，睡前兩個小時應避免飲食，戒掉吃宵夜的習慣，才能讓食物充分消化。
,,,,,,
上消化道出血  ,upper gastrointestinal bleeding,胃腸肝膽科,"食道,胃,十二指腸",上消化道出血是指食道、胃、十二指腸，發生的出血，稱為「上消化道出血」。,['頭暈．四肢冰冷．胃痛．嘔血．黑便．噁心．嘔吐．血壓偏低．盜汗．口渴．皮膚蒼白．心悸'],生活作息規律、避免熬夜，睡眠要充足。
,,,,,,
便秘  ,Constipation,胃腸肝膽科,"大腸,直腸,肛門",便秘指的是每周排便次數低於3次，不易解便、糞便乾硬、及排便不淨等情形。,['糞便乾硬．排便不淨．排便困難．排便量少．排便次數少．腹痛'],養成定時排便的習慣，早上醒來排便最佳。
,,,,,,
尿道炎  ,urethritis,"泌尿科,婦產科,小兒科",尿道,尿道炎是指細菌感染尿道，造成尿道發炎。,['排尿疼痛．灼熱感．分泌物增多．頻尿．血尿．下腹漲痛．發燒．尿液混濁．尿液惡臭'],安全性行為：性行為結束後，最好立即排尿或淋浴，降低細菌停留在體內的機會。全程使用保險套，維持單一性伴侶。
,,,,,,
尿失禁  ,urinary incontinence,"泌尿科,婦產科","膀胱,尿道",尿失禁是指無法以意識控制排尿動作，產生漏尿的現象。平均產後婦女會有1/3出現的尿失禁問題。症狀輕微者，可同時合併藥物或凱格爾運動輔助治療，嚴重時可以手術治療。,['漏尿．頻尿．急尿．解尿困難'],每天做凱格爾運動（提肛運動）3次，每次25至30分鐘，鍛鍊括約肌，可預防尿失禁發生。
,,,,,,
間質性膀胱炎  ,Interstitial cystitis,"泌尿科,婦產科",膀胱,間質性膀胱炎是非感染所引起的慢性膀胱發炎，經檢查只有組織發炎，但沒有細菌感染的反應。患者多數有急尿、頻尿、排尿疼痛，但排尿量少的症狀。,['夜尿．頻尿．尿急．漏尿．下腹疼痛．焦慮．緊張'],培養樂觀的態度，保持良好的心情，減輕工作壓力，尋找適當抒發情緒的方式。
,,,,,,
出血性膀胱炎  ,hemorrhagic cystitis,泌尿科,膀胱,出血性膀胱炎為藥物、化療或放射治療所引起的常見併發症，發生率約5% - 40%，嚴重時可能會有生命危險。,['血尿．膀胱疼痛．膀胱痙攣．排尿疼痛'],多補充水分，每日至少須攝取2000至2500㏄左右的水份。
,,,,,,
攝護腺炎  ,Prostatitis,泌尿科,攝護腺,攝護腺炎是常見的男性泌尿系統疾病，好發於成年男性，盛行率約5~8%，分為急性和慢性兩類。急性攝護腺炎病情發展迅速，慢性攝護腺炎的症狀會反覆發生，不易治癒。攝護腺炎最常見的感染途徑為尿液逆流進入攝護腺，引起發炎。,['攝護腺痛．發冷．發燒．排尿困難．頻尿．血尿．尿道分泌物．尿急．會陰痛．下腹痛．鼠蹊部痛．倦怠．射精疼痛'],避免憋尿，每天至少排尿7次。
,,,,,,
攝護腺肥大  ,Benign Prostate Hyperplasia,泌尿科,攝護腺,攝護腺又稱前列腺，是男性生殖器官。男性年紀漸長之後可能由體內荷爾蒙變化而造成攝護腺肥大，為男性常見的泌尿道疾病，不適症狀嚴重時，可考慮以手術治療。,['排尿困難．排尿無力．頻尿．血尿．尿急．滴尿．尿流中斷．夜尿．疲倦．射精帶血'],避免憋尿，每天至少排尿7次。
,,,,,,
精索靜脈曲張  ,Varicocele,泌尿科,"陰囊,睾丸",精索靜脈曲張是指男性陰囊內的靜脈產生不正常的腫脹，好發於左邊陰囊，陰囊呈大小不對稱情形，以手觸摸或目視，可發現曲張的靜脈。嚴重者可導致精蟲品質不良，造成不孕症等問題，治療方式以手術為主且最有效。,['睾丸疼痛．陰囊墜痛'],避免久坐、長期站立及劇烈運動。
,,,,,,
睪丸炎  ,"Orchitis,(Epididymitis)",泌尿科,"睪丸,副睪",睪丸通常合併副睪同時發炎，正常情況下，睪丸與血液之間有一道屏障，使細菌不易進入副睪及睪丸。當泌尿道發生反覆感染，病患抵抗力下降，尿道內壓增加時，細菌會由尿道進入輸精管到副睪，造成感染發炎。睪丸炎患者中有部份的人，因睪丸變小、變軟，無法製造精子引起不孕症,['發燒．發冷．無力．蛋白尿．睪丸紅腫．睪丸疼痛．陰囊腫脹'],孩童在1歲以後，可做腮腺炎的疫苗注射，已受感染仍在潛伏期的病患，可注射腮腺炎的免疫球蛋白來預防治療。
,,,,,,
睪丸扭轉  ,Testicular Torsion,泌尿科,睪丸,睪丸扭轉會影響睪丸的血液循環，阻斷睪丸血流供應，須以手術將睪丸扭轉回復到原位，但有時睪丸發生扭轉後還會自行轉回。若在6小時內未及時治療，會造成睪丸缺血壞死。,['睪丸疼痛．陰囊紅腫．噁心．嘔吐'],家長平常多關注孩童的健康情況，懷疑有問題時，應及早就醫治療。
,,,,,,
尿路結石  ,Stones in the urinary tract,泌尿科,"腎臟,輸尿管,膀胱,尿道",尿路結石是尿液中的結晶物質集結成的塊狀物，依位置的不同可分為腎結石、輸尿管結石、膀胱結石及尿道結石，是常見的泌尿道疾病。好發30~50歲的族群，常發生於夏季。,['腰痛．腎絞痛．腹痛．噁心．嘔吐．血尿．排尿困難．膿尿．發燒．畏寒'],儘量減少食用紅肉，例如：牛肉、豬肉、羊肉等。
,,,,,,
膀胱過動症  ,Overactive bladder,"泌尿科,婦產科",膀胱,膀胱過動症是指在膀胱儲尿過程中，膀胱過度敏感或異常收縮，導致膀胱內壓過高，產生急迫性的排尿需求，但在如廁前就有尿失禁的情形，嚴重時會影響生活品質。,['尿急．頻尿．夜尿．漏尿'],出門前或旅遊途中，避免喝大量的水或利尿飲料及攝取咖啡因。
,,,,,,
包莖  ,phimosis,泌尿科,"陰莖,包皮",包莖是指包皮口過小，包皮向後拉時，仍不能露出陰莖頭（龜頭）的情形。正常男性在18歲左右，包莖情形會自動消失，但部分男性在成年後，陰莖頭仍被包皮包覆住，但因衛生習慣不佳造成包皮、龜頭發炎，如未能及時治療，會影響日常生活，嚴重時須以手術治療。,['包皮粘黏．排尿增加．包皮紅腫．排尿困難．包皮腫大'],注意嬰幼兒的陰莖及包皮清潔。
,,,,,,
輸精管阻塞  ,obstruction of vas deferens,泌尿科,輸精管,輸精管阻塞是指輸精管道發生阻塞，精子的輸送受阻，無法到達女性子宮，和卵子進行結合，無法受孕。,['無精子．射精疼痛．射精無力'],男性應注意個人生殖器官的清潔衛生。
,,,,,,
肝炎  ,Hepatitis,胃腸肝膽科,肝,當肝臟因病毒、藥物、毒素、酒精的破壞，造成肝細胞損傷、變性、發炎，以致無法發揮肝臟的正常功能，就是一般常說的「肝炎」。,['黃疸．胃腸不適．食慾不振．倦怠．全身無力．噁心．嘔吐．腹部疼痛．腹部腫脹．腹水．發燒．紅疹'],飲酒勿過量。
,,,,,,
A型肝炎  ,Hepatitis A,胃腸肝膽科,肝,A 型肝炎為「A 型肝炎病毒」所引起的肝細胞損傷，A型肝炎病毒是一種不怕強酸的病毒，因此可以經由腸壁吸收而送達肝細胞，在肝細胞中繁衍生殖。,['發燒．出汗．畏寒．肌肉酸痛．食慾不振．噁心．嘔吐．茶色尿．腹部腫脹'],注重飲食及飲水的衛生，絕不生食，飲水要先煮沸方可飲用。所有食物都應清洗乾淨並徹底煮熟，特別是海產貝類，如非即時烹調或進食，應將食物蓋好或放進冰箱，廚房及飲食用具要保持清潔，預備食物前及進食前應洗手。
,,,,,,
B型肝炎  ,Hepatitis B,胃腸肝膽科,肝,台灣的B型肝炎的盛行率相當高，大約每5個人之中就有1個人的血液中有「B型肝炎表面抗原」存在，也就是「B型肝炎帶原者」。,['黃疸．胃腸不適．食慾不振．倦怠．全身無力．噁心．嘔吐．腹部疼痛．腹部腫脹．腹水．發燒．紅疹'],新生兒一律須接種B型肝炎疫苗，若母親是e抗原陽性，新生兒除了要注射B型肝炎預防針外，還必須於出生24小時內注射B型肝炎免疫球蛋白。
,,,,,,
C型肝炎  ,Hepatitis C,胃腸肝膽科,肝,C型肝炎病毒的散播是經由血液傳播，感染C型肝炎病毒的患者當中，有高達 80-85% 的患者會變成慢性感染者。,['黃疸．胃腸不適．食慾不振．腹部疼痛．腹部腫脹．腹水．發燒．紅疹'],避免與他人有血液直接或間接接觸，如共用注射針筒、刮鬍刀、牙刷、指甲刀，用於紋身、刺青和針灸的器具，須使用拋棄式器械。
,,,,,,
脂肪肝  ,Fatty liver,胃腸肝膽科,肝,脂肪肝是指肝細胞中堆聚過多的脂肪（三酸甘油酯），使得肝細胞變性而影響肝臟的正常功能。,['上腹部疼痛或不適．疲勞．食欲不振．腹脹．肝臟腫大'],飲食控制：避免高油、高糖的食物，例如：零食、餅乾、含糖飲料、果汁、高醣低蛋白的素食加工品、油炸食物。
,,,,,,
肝硬化  ,Liver cirrhosis,胃腸肝膽科,肝,肝硬化是由多種原因引起肝細胞瀰漫變性、壞死，出現纖維組織增生和肝細胞結節狀再生，肝小葉結構和血液循環逐漸破壞，使肝臟變形、變硬，最後的治療必須要肝臟移植。,['食慾減退．消化不良．噁心．嘔吐．疲倦．體重減輕．腹瀉．腹脹．上腹部疼痛．黃疸．黑便．下肢浮腫．男性女乳症．睪丸萎縮．肝脾腫大．鼻血．牙齦出血'],未經醫囑，不亂服用來路不明的藥物，例如：草藥偏方，或廣告不實的「護肝、保肝」藥劑，以免增加肝臟的負擔。
,,,,,,
慢性肝炎  ,Chronic hepatitis,胃腸肝膽科,肝,慢性肝炎的定義是指肝細胞持續發炎、肝功能指數不正常，超過6個月以上。在病理方面，可發現慢性持續性或活動性肝炎，並合併不同程度的纖維組織增生的現象，部分患者可能無自覺症狀，而肝細胞持續的發炎壞死，會造成肝臟組織被破壞，導致肝硬化的發生。,['胃腸不適．食慾不振．倦怠．全身無力．噁心．嘔吐．發燒．便秘．腹瀉．腹部疼痛．腹部腫脹'],禁酒及戒煙。
,,,,,,
病毒性肝炎  ,Virus hepatitis,胃腸肝膽科,肝,病毒性肝炎是由一些肝炎病毒引致肝臟發炎的常見傳染病，傳染性強，目前按病毒類別可分為A、B、C、D、E五型。,['黃疸．胃腸不適．食慾不振．倦怠．全身無力．噁心．嘔吐．腹部疼痛．腹部腫脹．腹水．發燒．紅疹'],養成良好的個人衛生與飲食習慣，飯前、便後及處理食物前須洗淨雙手。
,,,,,,
猛爆性肝炎  ,Fulminant Hepatitis,胃腸肝膽科,肝,肝炎型態中致死率最高的一種，肝臟全部的肝細胞在短期間內大量壞死，因此不能發揮功能，造成肝臟衰竭。並在患者出現「黃疸」的8周內，發生肝昏迷。,['黃疸．噁心．嘔吐．食慾不振．倦怠．茶色尿．吐血．血便．肝性腦病變'],B型肝炎帶原者應定期健康檢查（肝功能指數、腹部超音波等檢查），讓醫師評估肝臟的健康狀況，如有發現肝炎指數與病毒量有異常上升現象時，需使用口服抗病毒藥物等治療，減少病毒複製且持續傷害肝臟細胞，才可避免引發猛爆性肝炎。
,,,,,,
胃食道逆流  ,Gastroesophageal Reflux Disease,胃腸肝膽科,"胃,食道",當胃的內容物（胃酸、食物、膽汁等）倒流進入食道、咽喉、口腔，或呼吸道等部位所引起的不適症狀，就稱為胃食道逆流。目前可用藥物、及改變生活方式，進一步控制病情。,['溢酸．打嗝．噁心．胸痛．胸部灼熱感．心口灼熱感．胸悶．嘔酸水．咳嗽．腹脹．咽喉痛．聲音沙啞．喉部異物感．呼吸困難．氣喘．口臭．耳痛'],避免暴飲暴食，細嚼慢嚥，用餐宜七分飽，餐後不宜立刻趴睡或平躺，避免胃部的食物逆流至食道。睡前兩個小時應避免飲食，戒掉吃宵夜的習慣，才能讓食物充分消化。
,,,,,,
腹瀉  ,diarrhea,胃腸肝膽科,"大腸,小腸",正常人的排便次數是一周3次到一天3次。若排便次數增多、糞便水份一天量達到200公克以上，或含未消化食物、血液、粘液者稱為「腹瀉」。腹瀉時間二至三周以內為急性腹瀉，四至六周以上稱為慢性腹瀉。,['腹痛．腹脹．發燒．嘔吐．噁心．倦怠．疲勞．糞便黏液狀．稀便．水便．排便急迫感．肛門不適．血便'],注意飲食衛生，食材要新鮮、乾淨，調理時須注意清潔與衛生。
,,,,,,
急性腸胃炎  ,Acute gastroenteritis,胃腸肝膽科,"胃,小腸",腸胃道黏膜被細菌、病毒等侵入，造成腸黏膜及胃黏膜發炎。急性腸胃炎也是夏季的常見疾病。,['腹脹．腹痛．腹瀉噁心．嘔吐．胃痛胃脹．胃悶．溢酸．打嗝．消化不良．食欲不振．頭痛．疲倦．肌肉酸痛．發燒'],注意飲食衛生，食材要新鮮、乾淨，調理時須注意清潔與衛生。
,,,,,,
腎炎  ,Nephritis,腎臟科,腎,腎臟是主管體內代謝濾過排出廢物的器官，並可促進新陳代謝、調節水份及電解質平衡。不管是哪種因素引起腎臟發炎反應，損害腎臟功能與結構，就稱為腎炎。較常見的腎炎有急性腎盂腎炎、急性腎絲球腎炎、急性腎小管間質性腎炎及慢性腎炎。,['腰痛．膿尿．菌尿．發燒或伴有頻尿．尿急．排尿灼熱感．血尿．蛋白尿或伴有下肢水腫．眼皮浮腫．高血壓．夜尿．寡尿'],生活作息規律、避免熬夜及過度勞累。
,,,,,,
腎結石  ,Nephrolithiasis,"泌尿科,腎臟科",腎,腎結石是指尿液中的礦物質結晶物累積在腎臟內形成結石，是腎臟常見的疾病。治癒後5年內，患者復發機率約50％，患者應定期回醫院追蹤。,['腰痠背痛伴有血尿．頻尿．排尿困難．腹股溝疼痛'],每日至少須攝取2000至2500 cc左右的水分。
,,,,,,
慢性腎功能衰竭  ,Chronic Renal Failure,腎臟科,腎,腎功能是指腎臟清除身體代謝後所產生廢物與維持水分、電解質、酸鹼平衡的能力。慢性腎衰竭是指腎臟功能慢慢地逐漸衰退，無法清除體內代謝物及維持水分、酸鹼、電解質平衡。若腎功能嚴重下降，出現尿毒症狀，就須洗腎或是腎臟移植治療。,['水腫．噁心．嘔吐．食慾不振．貧血．不易止血．肌肉痙攣．膚色灰暗．皮膚搔癢．疲倦．嗜睡．注意力減退．蛋白尿．血尿．夜尿．尿量減少'],不亂服用成藥，或來路不明的藥物偏方。
,,,,,,
腎絲球腎炎  ,glomerulonephritis,腎臟科,腎,腎絲球腎炎是以腎絲球損害為主的發炎反應。依病程可分為急性腎炎與慢性腎炎。急性腎小球腎炎，發病急迫、病程短。「慢性腎絲球腎炎」15％∼20％是從急性腎絲球腎炎轉變。腎絲球腎炎，是最常引起慢性腎功能衰竭的原因。,['腰痛．腰酸．貧血．食慾不振．眼皮浮腫．下肢水腫．高血壓．疲倦．蛋白尿．血尿．少尿．視力減退．噁心．嘔吐．頭暈'],生活作息規律、避免熬夜及過度勞累。
,,,,,,
腎積水  ,hydronephrosis,水腎症,腎,腎積水是指腎盂及下方連結的輸尿管發生阻塞，導致不正常擴大的情形。患者若發現腎積水，應趕緊就醫診治，若延誤病情，會嚴重損害腎功能。,['排尿不順．血尿．水腫．腰痠．腰痛．蛋白尿．貧血．疲倦'],檢查尿液是否有泡沫久不散去的情形。
,,,,,,
尿毒症  ,Uremia,腎臟科,腎,尿毒症是指腎臟功能衰退到一定程度，無法清除體內代謝物及維持血中的電解質及酸鹼平衡。若腎功能嚴重受損且藥物治療無效，導致體內各器官無法正常運作，可能就需要接受腎臟替代療法，否則會有生命危險。,['水腫．惡心．嘔吐．貧血．淤血．不易止血．食慾不振．肌肉痙攣．膚色灰暗．皮膚搔癢．疲倦．嗜睡．易怒．注意力減退．蛋白尿．血尿．排尿困難．打嗝．腹瀉'],未經醫囑，不亂服用成藥，或來路不明的偏方和中草藥，避免增加腎臟負擔。
,,,,,,
腎囊腫  ,"renal cyst,cyst of kidney",腎臟科,腎,腎囊腫可區分為相當多類，單純性與後天性腎囊腫的成因不明，遺傳性腎囊腫則與基因突變有關係。,['腎臟疼痛．血尿．腰痛．腰部腫塊．發燒．倦怠．頻尿．蛋白尿．貧血'],三高患者須控制血壓、血脂、血糖的變化。
,,,,,,
腎盂腎炎  ,Pyelone phritis,"腎臟科,感染科",腎,腎盂腎炎是指腎臟因細菌、病毒、原蟲侵犯產生發炎，在人體抵抗力較弱時，可能會造成器官衰竭，重則危及生命，是最常見的腎炎。腎盂腎炎可分為急性與慢性兩種，急性腎盂腎炎若未治癒，可能會變成慢性腎盂腎炎。,['腰痛．排尿疼痛．畏寒．發燒．頻尿．排尿灼熱．夜尿．尿急．噁心．嘔吐．膿尿．菌尿．血尿．蛋白尿'],生活作息規律、避免熬夜及過度勞累。
,,,,,,
陰道痙攣  ,vaginismus,"婦產科,身心精神科",心理,陰道痙攣95%是由心理因素所造成。患者會對性行為產生強烈的恐懼感，出現心慌、心悸、噁心、全身出汗等生理反應，症狀輕微者能勉強進行性行為，但男女雙方都會有不適感，尤其女方會因陰道肌肉收縮感到疼痛不堪。症狀嚴重者，男性陰莖不能順利進入陰道，導致性行為無法進行。此種性功能障礙常造成患者性生活不順且難以孕育下一代，亦可能造成另一半心因性陽痿。除了透過藥物治療外，須合併從心理方面積極治療。,['心慌．心悸．噁心．出汗．陰道痙攣．陰道疼痛．緊張．焦慮．恐懼'],平時可多學習關於性方面的知識，閱讀相關書籍。
,,,,,,
小兒麻痺  ,Poliomyelitis,"小兒科,家醫科","肌肉,神經系統",小兒麻痺是一種常見的病毒感染，有時可造成脊髓運動神經細胞的破壞，產生肌肉無力或麻痺現象。有麻痺症狀的感染，其死亡率約為2∼10％，年齡愈大死亡率愈高。,['發燒．倦怠．噁心．頭痛．肌肉疼痛．呼吸困難．頸部僵硬．吞嚥困難．肢體無力．肢體麻痺．肌肉萎縮'],新生兒須定期預防接種：口服活的減毒小兒麻痺病毒疫苗或注射用不活化病毒疫苗。台灣目前使用三型混合的注射用不活化疫苗。嬰兒2個月時給第一劑，4個月時給第二劑，6個月時給第三劑，通常三劑之後，身體即產生足夠保護抗體，但為安全起見一年後及入學前再追加給予兩劑，以維持足夠之免疫力，95%以上的接種者均可產生較長的免疫力。
,,,,,,
小兒尿道感染  ,urinary tract infection in infants,小兒科,泌尿系統,尿道感染是指泌尿系統的任何一組織器官受到細菌感染，尿液中出現細菌反應，並有發炎情形，包括腎臟、輸尿管、膀胱、尿道。尿道感染是幼兒常見疾病，常會反覆發生，嚴重時會對腎臟造成傷害，須終生洗腎。,['膿尿．發燒．食慾不振．哭鬧．腹脹．腹瀉．頻尿．排尿疼痛．排尿灼熱感．尿急．腹痛．腰痛．生長遲緩．嘔吐．抽筋．排便習慣改變．尿失禁'],家長須注意嬰幼兒的屁股與尿道口的清潔，勤更換尿布，讓孩子從小養成正確衛生的如廁習慣。
,,,,,,
隱睪症  ,"Cryptorchidism, undescended testes","小兒科,小兒外科",睪丸,大部分男嬰出生後，可看到每邊陰囊內各有一顆睪丸，若睪丸留在腹股溝或腹腔內，未降至陰囊，稱為隱睪症。隱睪症會使睪丸製造精子的能力受損，嚴重者會導致不孕。幼兒1歲前，部份隱睪有自行下降的機會，滿1歲時，若睪丸仍未下降，就要開始接受治療，以手術治療為主。,['陰囊內摸不到睪丸．陰囊發育差'],家長平常多關注嬰幼兒的健康情況，懷疑有問題時，應及早就醫治療。
,,,,,,
先天性膽道閉鎖  ,biliary atresia,"小兒科,胃腸肝膽科,小兒外科","肝,膽",先天性膽道閉鎖是新生兒常見的致死性肝病，因膽道系統發育異常，肝臟內的小膽管發生纖維化，導致新生兒膽道阻塞，須接受外科手術治療。,['黃疸．灰白便．肝臟腫大．腹部腫脹．脾臟腫大．腹水．眼白變黃．厭食．嗜睡'],婚前健康檢查，可預防某些基因缺陷。
,,,,,,
妊娠糖尿病  ,Gestational Diabetes Mellitus,婦產科,胰;胰島素,妊娠糖尿病是指女性在懷孕前沒有糖尿病，懷孕期間因荷爾蒙變化，出現高血糖的症狀。生產後，血糖值恢復到正常範圍，發生率約為1％~3％。,['多吃．多喝．多尿．疲倦'],定期監測血糖變化，控制血糖在理想範圍，避免攝取過多澱粉類食物及甜食。
,,,,,,
月經失調  ,menstrual disorder,婦產科,子宮,月經失調是指女性月經週期、經期、出血量異常，是常見的女性疾病。,"['疾病原因月經失調是婦女常見疾病，是指女性月經的週期、經期、出血量異常的狀態。一般正常的月經週期約28∼35天，每次經期約5∼7天，出血量不超過80C.C。若週期推遲至40天或提早至20天，經期少於2天或超過10天，出血量多於100C.C，都為月經異常。導致月經失調的因素如下：疾病因素：骨盆腔內的器官疾病會引起月經失調，例如：子宮肌瘤、子宮頸息肉、子宮或子宮頸感染、子宮內膜增生、子宮內膜癌、子宮頸癌等疾病。更年期後的婦女，發生月經失調，有1/3是因子宮或陰道發炎所引起，另外1/3是因子宮或子宮頸息肉、子宮內膜增生或子宮內膜癌所引起。全身性的疾病，例如：血液凝固異常會造成，經期來時大量出血或流血不止、甲狀腺功能亢進會造成無月經或月經過少，甲狀腺功能低下會造成月經量太多、糖尿病會造成無排卵等情形。女性荷爾蒙分泌不正常，無法刺激腦下垂體分泌黃體激素，導致無法排卵，引起月經失調。心理因素：緊張、工作壓力、換工作、搬家、考試等，可能會出現月經失調的情形。減肥：女性採激烈節食手段過度減肥，身體無法攝取足夠營養素，可能會影響荷爾蒙分泌，導致月經失調。', '經痛．停經．經期不規律．月經過多．月經過少．無月經．經期過長．經期過短']",培養樂觀的態度，保持良好的心情，減輕工作壓力，尋找適當抒發情緒的方式。
,,,,,,
骨盆腔發炎  ,pelvic,婦產科,"子宮,輸卵管,卵巢",骨盆腔發炎是指骨盆腔內的生殖器官，子宮、輸卵管、卵巢、及其他相連組織，發生感染，導致發炎。嚴重時會形成輸卵管與卵巢的膿瘍，導致輸卵管阻塞，或對生殖器官產生永久的傷害，是造成女性輸卵管不孕最大的原因。,['腹痛．腰痛．陰道分泌物增加．畏寒．發燒．陰道出血．排尿疼痛．腹瀉．頻尿．食慾不振．噁心．嘔吐．腹脹．月經失調'],避免過早發生性行為、使用保險套、減少性伴侶人數。
,,,,,,
卵巢炎  ,Oophoritis,婦產科,卵巢,卵巢炎是指卵巢受到感染，引起發炎現象，大多繼發於輸卵管炎，很少單獨發生。,['腹痛．腰痛．陰道分泌物增加．畏寒．發燒．陰道出血．腹瀉．頻尿．食慾不振．噁心．嘔吐．腹脹．月經失調'],避免過早發生性行為、使用保險套、減少性伴侶人數。
,,,,,,
卵巢囊腫  ,Ovarian cysts,婦產科,卵巢,卵巢囊腫是指液體聚集在卵巢內，形成不同類型的囊腫，可分為惡性與良性二類，大部分卵巢囊腫都是良性的，若發生惡變就會成為卵巢癌。大於8公分以上的卵巢囊腫，建議開刀治療。,['腹痛．腹部腫脹．經痛．月經失調．陰道分泌物增加．陰道出血．腹瀉．食慾不振．噁心．嘔吐．發燒'],30歲以上的婦女，每年進行一次婦科檢查。
,,,,,,
子宮外孕  ,ectopic pregnancy,婦產科,"子宮,輸卵管,卵巢,腹腔",子宮外孕是指受精卵著床在子宮以外的地方，例如：輸卵管、卵巢、腹腔等。因胚胎著床發育的位置不對，會使胚胎無法健康成長，也會引起母體的病變及傷害，甚至死亡，須及時就醫治療。,['腹痛．腹部腫脹．經痛．月經失調．陰道出血．腹瀉．食慾不振．噁心．嘔吐．發燒．血壓降低．心跳變快'],避免過早發生性行為、使用保險套、減少性伴侶人數。
,,,,,,
卵巢囊腫破裂  ,"Rupture of Ovarian cyst,Ovarian Rupture",婦產科,卵巢,卵巢囊腫，俗稱水瘤。最常見的是功能性囊腫，主要包括濾泡囊腫和黃體囊腫。臨床上，約有八成的卵巢囊腫破裂是因為卵巢內的黃體囊腫破裂。破裂的原因通常是排卵造成的自發性破裂，又或是腹部受到外力的擠壓或撞擊，如搖呼拉圈、激烈性行為、舉重物等運動所導致。濾泡或黃體囊壁破裂後會造成內出血，當血液流出到腹腔時，會引發急性下腹部劇痛、噁心嘔吐等症狀。一般出血量不多，通常會自動止血，僅少數出血情形嚴重者，須即時動手術處理，否則可能引發休克甚至死亡。卵巢破裂以生育期年輕女性最為常見，一般發生在月經週期的後半期。,['急性腹痛．噁心．嘔吐．胃痛．腹瀉．陰道出血．腹腔積血'],避免用力咳嗽、跌倒、車禍、撞擊腹部等會使腹內壓升高的行為。
,,,,,,
輸卵管積水  ,Hydrosalpinx,婦產科,輸卵管,輸卵管積水是指輸卵管末端阻塞，分泌物積存導致輸卵管膨脹如香腸狀。輸卵管積水是女性不孕的重要因素之一，臨床上幾乎沒有病徵，患者較難自我察覺。若輸卵管已積膿，患者會有腹痛的症狀出現。造成輸卵管積水的原因包括：細菌感染發炎、腹腔手術、子宮外孕、骨盆腔發炎等，其中又以骨盆腔發炎最為常見。,['輸卵管水腫．陰道分泌物增多．腹痛．不孕'],維持單一性伴侶。性行為前後，雙方應注意生殖器官的衛生清潔，避免感染。
,,,,,,
子宮肌瘤  ,Fibromyoma,婦產科,子宮,子宮肌瘤是婦科疾病中相當常見的一種，大部分是良性腫瘤，好發於30歲以上的育齡婦女，發生率約為20∼30%，意即每四人就會有一人長子宮肌瘤。年齡越大發生率越高，但過了更年期後發病率又會下降。子宮肌瘤的成因目前還不清楚，可能與遺傳、荷爾蒙、內分泌和環境因素等有關。子宮肌瘤的症狀及嚴重程度，視其生長的位置及大小而定。多數的子宮肌瘤無明顯症狀，發生惡性病變的機率亦不高，可以不用立即治療，只要定期追蹤。有症狀的子宮肌瘤通常會以不正常的子宮出血、壓迫症狀、腹痛、不孕及流產等方式表現。如果肌瘤不是很大，症狀不太嚴重，可先藥物治療；症狀特別嚴重再考慮動手術，如還想懷孕者可選擇僅切除肌瘤，如沒有生育需求又擔心復發的女性，再考慮摘除子宮。,['子宮異常出血．經血過多．貧血．疲勞．經痛．經期延長．月經量增加．月經有血塊．便秘．脹氣．頻尿．小便滯留．失禁．慢性骨盆腔疼痛．下肢水腫．靜脈曲張．腹痛．腰痠．輸卵管水腫'],養成規律運動的習慣，做好體重控制，避免肥胖。
,,,,,,
猩紅熱  ,Scarlet fever,"小兒科,家庭醫學科,耳鼻喉科,一般內科","皮膚,咽喉",猩紅熱是兒童常見的呼吸道傳染疾病，傳染途徑為飛沫或接觸造成感染，目前尚無疫苗可以預防。致病因是感染了A群鏈球菌，傳染力強，在人潮聚集的公共場所容易爆發群聚感染，若未適當治療，可能引起心臟及腎臟的併發症。主要的流行季節為冬末初春，好發於5至15歲的孩童。感染後約1至7天，患者會出現發燒、喉嚨痛、腹痛；舌頭紅腫，類似草莓的外觀；皮膚出現砂紙般粗糙、可能發癢的紅疹等症狀。治療上給予適當抗生素，期間應遵從醫囑，不可因症狀明顯改善就自行停藥。,['發燒．喉嚨痛．頭痛．腹痛．皮疹．舌頭紅腫．臉部潮紅．扁桃腺發炎．頸部淋巴結腫痛．脫皮'],勤洗手，保持雙手清潔，並注意個人與環境衛生。
,,,,,,
雷氏症候群  ,Reye syndrome,"小兒科,小兒神經科,小兒腸胃科","腦部,肝臟",雷氏症候群是一種急性腦部病變，合併肝功能異常的疾病，少見但死亡率很高，好發於孩童。致病原因目前尚不明確，可能與孩童感染流感病毒、水痘、以及使用阿斯匹靈等水楊酸類藥物來退燒有關。發病之前，多有急性病毒感染的病史，症狀緩解數天後（12小時~3週都有可能），患者會突然出現持續嘔吐、哭鬧、意識不清、痙攣、過度換氣等症狀，最後昏迷。雷氏症候群的病程進展迅速，嚴重者會在48至72小時內死亡，即使治療存活，日後亦可能出現智力受損等中樞神經後遺症。,['嘔吐．哭鬧．頭痛．意識混亂．嗜睡．抽搐．譫妄．過度換氣．昏迷'],家中孩童出現感冒症狀時，應請醫師診治，切勿自行給予阿斯匹靈等含水楊酸類藥物退燒。
,,,,,,
焦慮症  ,Anxiety Disorders,"身心精神科,家醫科",心理,狹義的焦慮症，亦稱為焦慮性精神官能症，這是一種具有持久性焦慮、恐懼、緊張情緒，致使人體神經活動異常，伴隨運動性不安及軀體不適等特徵的精神疾病，多發於青壯年齡，女性比男性高，臨床症狀有：無端緊張、恐慌、焦慮的念頭揮之不去、經常煩躁易怒、坐立難安、搓手踱步、胸悶、心悸、呼吸困難、四肢發抖、無力、噁心想吐、暈眩、盜汗、失眠、腹瀉、頻尿、消瘦等。而廣義的焦慮症在醫學上的界定則包含所有能引發病態性焦慮症的精神疾病，像是強迫症、恐慌症、懼曠症、社交恐懼症、創傷後壓力症候群、思覺失調症（精神分裂症）等。原本焦慮是每個人從小到大都有過的正常情緒，但一旦持續時間過長，最後演變成無根據的驚恐和慌張，莫名的、無明確對象的焦慮緊張，以及對現實產生不合理的過度警覺，就成病理性的焦慮症。治療方式會以心理認知治療為主，體諒並協助患者分析移除焦慮的來源，同時搭配服用適量的抗焦慮藥物、多補充維他命B群及鈣片，生活中多練習腹式呼吸、瑜伽等放鬆身心的運動，改善焦慮病症。,['緊張．焦慮．鑽牛角尖．不耐煩．分心．易怒．暈眩．呼吸窘迫．胸悶．心跳急促．心悸．雙手發抖．發熱．臉紅．冒冷汗．多汗．腹瀉．頻尿．反胃．失眠．體重減輕．說話結巴．口乾舌燥．鬱悶'],設法減輕心理負擔，學習正確釋放壓力的方式，如適度的出遊玩樂、與興趣相投的朋友聊天談心、工作之餘從事自己擅長的休閒活動等。
,,,,,,
憂鬱症  ,"Depression,Depressive disorder,Melancholia","身心精神科,家庭醫學科",心理,憂鬱症是一種同時涉及身體與心理的疾病，多數人偶爾會有心情不好的情況，但如果相關症狀很多，並長時間持續，造成生活上的障礙，即有可能是憂鬱症。憂鬱症的症狀包括心理及生理層面，根據美國《精神疾病診斷與統計手冊》，臨床九大症狀包括：(1)情緒低落、(2)明顯對事物失去興趣、(3)體重下降或上升、(4)嗜睡或失眠、(5)精神運動遲滯、(6)容易疲倦或失去活力、(7)無價值感或強烈罪惡感、(8)注意力不集中或猶豫不決、(9)經常想到死亡。上列症狀如同時出現5項（含）以上，並持續2周以上，即可診斷為憂鬱症。依其嚴重性與持久性可細分為輕度、中度和重度三類憂鬱症，輕度憂鬱患者的情緒與症狀通常不超過半年，且情況最輕微；中度憂鬱症病程則可能超過兩年，會影響生活品質和人際關係，但不至於影響生計的維持；最嚴重的是重度憂鬱症，患者常帶有明顯的功能障礙，成天情緒低落、退縮且無法外出、認知行動遲緩、無法正常工作與社交、嚴重自殺傾向，甚至進一步出現幻覺或妄想等其他精神疾病症狀。憂鬱症在內科門診中很常見，卻容易被當成單一器官問題來處理，因而延誤治療時間，所以如遇上述多發性的身心情況出現時，最好儘早與家庭醫師會談，接受精神科的專業治療，透過藥物、心理治療並動員社群支持網絡，排除外在壓力事件，將可望讓病情好轉。,['情緒低落．想哭．易怒．食慾反常．體重反常．性慾低．失眠．嗜睡．倦怠．四肢無力．悲觀．反應遲緩．健忘．心悸．胸悶．自殺念頭．自殘．恐慌．焦躁．注意力不集中．頭痛．胃痛．腰痛．消化不良．腹瀉．便秘'],保持充足的休息與睡眠，工作時間不要過長，生活壓力不要過大。
,,,,,,
失眠  ,Insomnia,"家醫科,身心精神科,神經科",腦部,失眠指的是一個人難以入睡或無法保持不間斷的睡眠狀態，所導致睡眠不全的症狀。臨床表現有：翻來覆去都睡不著，睡眠週期幾乎處於淺睡階段，感覺似醒似夢而無法深睡，早醒、醒來後難以再睡回去，夢多、感覺徹夜都在做夢，對外界相當敏感、易受干擾而突然中斷睡眠，以及睡醒之後仍感覺睏倦等。依發病時間的長短又可分為：短暫性失眠（一週內），可能因暫時性的事件譬如考試、出遊所引發的精神緊張、焦慮或興奮，導致失眠，當事件解除後就會恢復正常；短期性失眠（一週至一個月），持續性的壓力，例如較嚴重的家庭、工作或感情問題導致連續性的失眠，短時間內無法恢復正常；長期性失眠，狀況持續數年之久，甚至終生都有失眠問題，難以治好，也是失眠患者求診中最常見的類型。而失眠問題持續的時間愈長，愈容易誘發其他更嚴重的身心疾病，而這些身心疾病可能反過來加重失眠，惡性循環。,['難入睡．淺睡．易驚醒．多夢．早醒．疲倦．哈欠連連．食慾低落．精神渙散．頭痛．記憶力衰退．喪失身心動力．胸悶．肩頸酸痛．腹脹'],作息規律、上床起床時間都要固定，無論前一天多晚入睡，隔天都要盡量準時起床，因為日夜顛倒造成白天睡多，易使當天晚上不想睡，造成惡性循環。此外，如果晚間就容易失眠，則應盡可能不睡午覺，如此身體到了夜晚自動會變得睡意較濃。
,,,,,,
思覺失調症  ,Schizophrenia,身心精神科,腦部,"精神分裂症因長期被污名化，使許多患者不願就醫，台灣在2014年已正名為「思覺失調症」。精神分裂症是一種慢性且重大的精神疾病，與腦內功能運作失常有關，好發於青少年晚期及成年初期，臨床症狀顯現為：知覺、思維、情感、行為等多方面的功能性障礙，特別是與一般人的現實有著明顯的脫節，以幻聽最為常見，患者很清楚聽到有人在和他對話，但旁邊根本沒有其他人，或病患深受聽覺的控制，按照某個聲音去殺人或自殺等,也可能出現被害妄想，總覺得有人在某處監視他並打算加害於他，因而過度恐慌,也可能重複一些怪異的舉止，突然間表現得很退縮、不與任何人互動，某些精神分裂患者還會出現暴力的攻擊行為、無緣無故的傻笑、大哭。早期精神分裂症狀可能包含了睡眠型態的改變，如突然間變得難以入睡、多夢，或容易受驚醒等,情緒上的變化，對人際關係和周遭事物變得不理不睬，失去原本的熱情,行徑逐漸變得愈來愈難以理解、怪異、愛發愣,思考障礙，失去組織語言的能力，開始胡言亂語、言語片段等之精神障礙症狀表現，這些初期的蛛絲馬跡若可及早注意，將能盡早處治而避免疾病的惡化。",['幻覺．幻聽．妄想．胡言亂語．言語片段．疏離人群．退縮．情感冷漠．攻擊．破壞．自殘．思考障礙．注意力無法集中．睡眠障礙'],培養豁達開朗的性格，保持樂觀的態度看待人生。
,,,,,,
強迫症  ,"Obsessive Compulsive Disorder, OCD",身心精神科,心理,"強迫症指的是一種強迫性的精神官能症，又可納為廣義焦慮症的其中一種，發病患者普遍會受某種強迫思維或意念的推使，因而在生活中一再重複無意義的行為，且造成不愉快的心情，而反覆出現的儀式性動作能暫時減輕內心高度的焦慮，卻會惡性循環，到最後浪費時間的動作深深影響其學習能力、工作表現，甚至使日常生活都出問題。這是一種容易反覆發作的慢性病，多數在青少年或30歲以前發病，症狀起伏，要有長期抗戰的準備。強迫症在臨床上的症狀因人而異，大致可歸納出四個面向：強迫意念：包括聯想一連串的不幸會發生，如擔心自己染病、生命受威脅、害怕心愛的人受傷等,回憶過去無關緊要的事，檢查自身行為，再三確認對錯,對自然現象的因果進行探究，以及二元對立的概念同時出現腦海，這些聯想、追憶、疑慮、觀念等頑強的反覆出現，無法自已。強迫動作：反覆搓洗雙手或洗澡，心中擺脫不了「髒」的感覺,對自己做好的事不夠放心，而反覆檢查已上鎖的門窗、不斷核對寫好的考卷、算過的帳單,不可控制的數物堆物，一遍又一遍,以及重複某些特定儀式，如出門前固定要有一系列的事前準備與次序、洗東西要洗幾次以上才叫乾淨等等，這些動作和行為經不斷反覆後，方能稍緩內心的焦慮與不安。強迫意向：一種與實際狀況相違背的心念和衝動，多與暴力和性有關，例如縱火、攻擊他人、暴露生殖器、亂倫、手淫等莫名的衝動。強迫情緒：通常與恐懼有關，一種無法抑制的強烈情緒，害怕自己會失去、失控，進而做出傷人傷己和違法的事。",['強迫聯想．重複回憶．重複疑慮．反覆檢查．強迫洗滌．強迫計數．動作儀式化．強迫思考．思維對立化．焦慮'],學會順其自然，盡力而為，對人對事都避免鑽牛角尖。
,,,,,,
自閉症  ,Autism,"身心精神科,小兒科,復健科",腦部,自閉症屬於廣泛性發展障礙症的一種，是因腦部功能異常所致的疾病，發病成因未明，只能靠早期發現早期治療加以改善，通常在嬰幼兒時期就可看出，主要特徵為缺乏與現實環境接觸的能力及興趣，完全生活在自我想像中，語言和溝通能力也會明顯出現障礙，少部分的自閉症患者在算術或手藝創作方面具有相當卓越的智慧和潛能。臨床表現包含如下：語言障礙：語言溝通障礙是多數自閉症兒早期最重要的徵兆，他們往往語言發育遲緩，不會說話也不愛說話，對語言的感受及表達運用能力均存在某種程度的障礙，像是你我他等代名詞混淆不清、不懂得變化詞句、音調有如機械人等。隨著年齡增長也只會重複某些話，常表現出鸚鵡式仿說的情況，漸漸喪失使用語言的能力，甚至終身沉默不語，只可能在極少數的情況下使用有限語言。社交障礙：自閉症患兒無法與他人建立正常的人際關係，也無法分辨親疏，與雙親沒有正常的依戀觀，對家人和陌生人的態度都是一樣的，在同齡之間也難以建立夥伴情誼。行為障礙：自閉症患兒對一般孩童所熱衷的遊戲和玩具通常不感興趣，反之會喜歡一些非玩具的物品或遊戲，如著迷於按按鈕、開關門、注視旋轉風扇等重複性的活動，喜歡自玩自的，也可能出現用力敲打自己的頭、不停轉圈圈、用腳尖走路等怪異行徑，對於生活環境的固定性也很堅持，如果突然改變可能會大哭大鬧到無法自已，強烈呈現某方面的行為固著模式。,['冷漠．不理人．不看人．失語．仿說．不合群．行為固著．自殘．動作重覆．行為固定'],產前接受篩檢與遺傳診斷，避免胎兒出現先天性自閉症。
,,,,,,
亞斯伯格症  ,"Asperger Syndrome, AS","身心精神科,小兒科,復健科",腦部,"亞斯伯格症是自閉症的一種亞型，亦屬於廣泛性發展障礙疾病，主要的臨床特徵為：缺乏同理心、自我中心強烈,單向的社會互動、缺乏察言觀色的能力，溝通上也只講自己感興趣的話題，因此造成社交障礙,興趣局限狹隘，過度拘泥細節，對於某些主題僅以機械式的強記，如歷史故事、火車時刻表、汽車型號、地標、公車站名等，鮮少加以理解，也愛重複收集喜歡的物品,動作和姿勢笨拙而不協調。多數症狀與典型自閉症很相似，不過前者並沒有語言發展遲緩的問題，對社交也較主動與感興趣，只是往往不得要領也不知變通。部分又因其多動行為嚴重、注意力分散，常被誤認為過動症。青少年期的亞斯伯格症患者會延續大部分兒童期的症狀，由於同理心的認知能力依舊欠缺，雖習得一些新的社交技巧，但溝通上仍有障礙，他們也漸漸感到自己和他人的不同，因而出現孤僻、憂鬱或焦慮的情緒。成年期的亞斯伯格症，歷經時間的淬煉，多數症狀可趨於改善，然而就社會適應與自力更生方面，仍需一般大眾的協助與包容。",['孤僻．固執．衝動不安．忽喜忽怒．執著．自我中心．自殘．動作重覆．行為固定．興趣狹隘'],懷孕期間定時定期產檢，並按照醫師的囑咐，做好孕期的健康生活管理，留意自身安全，保持愉快心情，均衡攝取營養，好讓胎兒正常發育。
,,,,,,
恐慌症  ,Panic Disorder,身心精神科,心理,恐慌症是廣泛性焦慮症的一種典型，主要特徵為突發性的恐慌發作，事先毫無預警，症狀與自律神經失調相似，諸如胸部的悶痛、心悸、呼吸急促或窒息、頭部的暈眩、頭重腳輕、或腸胃不適、噁心想吐等，因為症狀來得很快又很嚴重，引發其莫名的極度驚嚇和恐懼，就像有災難降臨一般，感覺自己隨時可能失控、發狂或死亡。通常症狀發作之後，會在幾分鐘內昇到最高點，半小時內慢慢退去，未發作時則感覺一切正常，去醫院檢查也難發現任何異狀，所以患者一開始會先求助急診室，後輾轉至心血管、胸腔或腸胃等專科做許多精密檢查，最後才到精神科和身心科，被診斷出是恐慌症。恐慌一再發作，會使人產生一種對恐慌復發的巨大恐懼，演變成一種預期焦慮，或對恐懼的恐懼感，即便恐慌沒有發作時也會出現，例如曾在開車途中病發恐慌症的人，很可能變得害怕開車，即使路程多短都一樣。恐慌症嚴重發展下去將出現懼曠症，患者會害怕身處任何不易逃生或無法求援的地方，以致不敢一人出門、害怕搭乘各種公共運輸等，甚至併發憂鬱症、重鬱症，也可能間接造成酒癮或藥癮，嚴重影響生活品質。恐慌症經治療預後效果不錯，但一定要配合醫師的療程，若自行停藥，會很快復發。,['心跳加速．呼吸急促．害怕．焦慮．暈眩．頭痛．反胃．顫抖．冒冷汗．吞嚥困難．胸痛．胸悶．灼熱．指尖麻痺．失控'],多練習腹式呼吸法，平日可協助放鬆身心，而當恐慌發作時，也有助於緩和症狀。
,,,,,,
厭食症  ,Anorexia Nervosa,身心精神科,心理,"厭食症是一種排斥飲食的精神疾患，屬心因性，可能是因為患者對自我形象的偏差認知，或心理上有某種重大的鬱結難消，導致無法正常進食、厭食，或深陷一種節食─狂吃─嘔吐和腹瀉的惡性循環，許多患者的體重極低，BMI值小於17.5，甚至低到10以下的極端值，使健康出問題，最終可能引起腸胃代謝全面失常，身體和情緒上的失調、混亂，嚴重者足以致死。在今日瘦身風氣盛行的社會中，厭食症可說是相當常見，尤其愛漂亮、愛苗條、熱衷減肥的年輕女生，出於可能變胖的強烈恐懼，她們會嚴格執行節食計劃，克制自己想吃東西的任何渴望，甚至採取各種激烈手段，以加速食物的排泄，周而復始。患者多半還帶有抑鬱、社交疏離等心理問題，所以也有些是發生在年老喪偶、獨居的老人身上。依照飲食行為的表現，厭食症又可細分為兩類：一種是節制型，患者利用過度節食和運動的方式來控制體重,另一種則是暴食後掏空型，在大吃大喝之後，把吃進去的食物用催吐、吃瀉藥或利尿劑、浣腸劑等方式排除，與真正的暴食症不同的在於，此種厭食症的患者，在大吃大喝之際仍會留意卡路里的問題，且吃進去的量遠比暴食症患者少，而在掏空食物的行為上做得更徹底。約有半數以上的厭食症患者，都有大吃大喝後再催吐的病症。",['體重驟降．拒食．暴食．噁心．嘔吐．反胃．腹脹．疲倦．便祕．全身無力．精神抑鬱．暈眩．喘氣．心律不整．畏寒．低溫．貧血'],培養愛自己的「自信美」，不要單從他人的評價來建立自我價值感。
,,,,,,
失智症  ,Dementia,"身心精神科,神經科,家醫科,老年醫學科",腦部,"失智症是一種大腦功能漸進退化的智能障礙病症，好發於老年人，退化的速度不一定，依照病程進展可分為輕度知能障礙、輕度（初期）、中度（中期）、重度（晚期）。初期最明顯的為記憶力衰退，特別是記不住日常、最近且立即的事物，其他像是語言、算術、空間感、時間概念、抽象思考、社交能力、判斷力等也會出現障礙，產生異常行為，過去熟悉的工作無法勝任，嚴重影響日常起居，伴隨這些行為的心態很可能變得疑心病重、被害妄想、憂鬱、焦慮、容易與他人起衝突。失智症大致可分為退化性與血管性兩類。退化性包含：阿茲海默症、額顳葉型失智症、路易氏體失智症、亨廷頓氏症造成的失智。阿茲海默症屬中樞神經系統的退化，特別侵襲腦部對於記憶、認知、語言的部分，是最常見的失智症,額葉及顳葉失智症主要病症在於語言表達障礙和個性、情緒改變,路易氏體失智症則在於認知功能障礙、重複性的跌倒、出現幻覺等。而血管性失智症為腦血管疾病引起，較危險的病理發展是患者大腦可能持續萎縮，進一步引發腦部病變、二次中風、腦梗塞，致死率相當高。有時，退化性的阿茲海默症又會與血管性失智症並存發作，統稱為混合型失智症。",['記憶障礙．語言障礙．行為重複．被害心理．算術能力喪失．迷路．日夜顛倒．憂鬱．幻覺．妄想．偏執．無法自我照顧．步伐不穩．個性改變．情緒不穩'],平日應減少對腦部傷害的行為，慎防腦部外傷。
,,,,,,
妄想症  ,"Delusion Disorder, Paranoia",身心精神科,心理,妄想症是一種慢性進行、有系統、有組織的思維障礙精神疾病，排除腦外傷、生理疾病或藥物侵害等引發大腦病變所產生的精神病，其妄想內容也不像精神分裂症脫離現實，而會與日常生活的情境相關，例如被背叛、被跟蹤、被人愛慕、被感染或懷疑配偶外遇等，少數可能伴隨短暫的幻覺，嚴重者可能出現破壞、自傷、傷人、自殺、他殺的行為。當一個人堅持這種「曲解事實」的偏見與思維長達三個月以上，就診斷為妄想症，但多數患者通常不認為自己有問題、不會主動求醫。妄想症的發病年齡不限，但大多好發於中年或老年，依病人的妄想內容，大致可歸納出七種類型：●情愛妄想型，病人深信某個人正深愛著自己，對方通常是知名人士甚至遙不可及之人，有時病人會被惱羞成怒，進一步做出騷擾、跟蹤、襲擊、綁架等觸法行徑。●嫉妒妄想型，堅信伴侶對自己不忠，因而跟蹤和監視對方的一舉一動，通常是子虛烏有的事。●自大妄想型，妄想自己具有特殊的身分、地位、權力、甚至與神或名人有特殊關係，有時嚴重者還會認為真實的那位名人才是冒充他的，當面臨過大壓力時，可能做出反社會行為。●被害妄想型，是妄想症中最常見的一種類型，病人深信自己遭受各種惡意對待如被跟蹤、被迫害、受騙、被監視、被下毒等，因此變得疑神疑鬼、處處防備，甚至尋求警察的介入或採取法律行動。●身體妄想型，懷疑自己身體有毛病進而四處求醫，實際上那些疾病或問題根本不存在。●混合型，上述的妄想內容混合好幾種，沒有哪一主題比較突出，就歸為混合型。●其他，主要的妄想內容無法明確指出，或無法用上述特定的類型來界定。,['頭暈．心神不寧．被害妄想．狂熱．疑神疑鬼．失眠．憂鬱．嫉妒．惱羞成怒．跟蹤．騷擾．襲擊'],增加與家人、親友、鄰居的互動，尤其年長者，避免獨居與外界隔絕，可以多參與社區活動，減少孤寂、失落和憂鬱情緒。
,,,,,,
神經衰弱症  ,Neurasthenia,"身心精神科,神經科","腦部,神經系統",神經衰弱在生活步調快的現代社會中很常見，指的是一種大腦功能性障礙的疾病，多發生在用腦過度、工作壓力過大、生活過度緊張的人身上，因長期的情緒緊繃和精神壓力，導致腦內神經活動的機能出現失調，屬於精神官能症的一種。神經衰弱的患者，臨床症狀會出現許多近似自律神經失調的症狀，諸如不明原因的心跳加快、肌肉緊繃、肩頸僵硬等，亦包含腦部功能失調的諸多特徵，像是終日精神渙散、注意力無法集中，不僅健忘還無法思考，且易感疲憊倦怠，情緒容易激動和發怒，頭痛頭暈伴隨失眠問題。病程通常逾三個月以上都不見好轉，即便是充分的休息也一時難消疲勞感，對工作、課業及社交人際造成不少困擾。治療需要較長的時間，配合規律的生活和運動，多補充一些含鈣、鎂、維生素Ｂ群、維生素Ｃ等抗壓食物。,['精神倦怠．容易疲勞．腦力遲鈍．健忘．失眠．難入睡．多夢．易怒．躁動．缺乏耐心．頭痛．頭脹．頭暈目眩．耳鳴．肩頸僵硬．腰痠背痛．手腳痛．胸悶．食慾差．頻尿．腹瀉．消化不良．多汗．心跳加快．肌肉緊繃．注意力不集中．記憶力衰退'],確保睡眠品質及維持睡眠充足，最好能按照正常的人體生理時鐘於11點前就入睡，並睡足六到八小時。
,,,,,,
粉瘤  ,Epidermal cyst,"皮膚科,整形外科,一般外科",皮膚,粉瘤是皮膚病中常見的皮下腫塊疾病之一，只要是成年人都可能誘發。主要因皮脂腺阻塞或外力穿刺傷而形成。特徵為膚色的皮下突起，鼓起的表皮中心常會看到一個小黑孔，有時稍加擠壓，會跑出一些帶酸臭味的粉狀物質，因此又有粉瘤之別稱。粉瘤絕大部分屬於良性，有的明顯隆起於表皮，有的則深埋真皮內，乍看和青春痘很像，但由於粉瘤內含廢棄角質，不像青春痘只是單純的毛囊發炎，所以並不會自行消退，更可能隨時間愈長愈大。最好當發現皮膚一有異狀時，盡早就醫交由專科醫師確診，視粉瘤的大小及嚴重性可採取不同的治療方法，例如局部藥物注射、雷射治療、切開引流、手術摘除等。不過若想要徹底根治，最好還是選擇及早開刀，趁粉瘤愈小的時候開刀處置，疤痕會愈小，復原得也愈快。當粉瘤破時，會有發炎症狀，此時可使用抗生素治療。但沒有發炎的粉療，使用抗生素是無效的。,['皮膚腫塊．觸壓具彈性．分泌物發炎．腫痛．刺痛．化膿．流膿．潰瘍．異味．角質鈣化．纖維化'],平時應避免皮膚受傷，例如不穿太緊的衣褲，過度摩擦皮膚。如果有穿耳洞應多注意後續穿刺傷口的照料，以免誘發粉瘤。
,,,,,,
足底筋膜炎  ,plantar fasciitis,"骨科,復建科","腳底足弓,腳跟",足底筋膜為腳底足弓最主要的支撐，主要功能是吸收足部走路跑步時產生之反作用力。當長時間承受身體重量，足底筋膜被過度牽拉或受壓，就可能引起發炎及退化。最典型的症狀是起床剛下床踩地時，內側足跟感到如針刺般劇烈疼痛，要等到走動一段時間後才慢慢減緩；但之後久站、久坐起來又會痛。以及按壓腳掌內側偏中的地方會痛。這是一種退化性疾病，常變成反覆的慢性疼痛。另有部份年長者以為腳跟長骨刺而疼痛，但其實有骨刺並不一定會造成疼痛。,['小腿緊繃．腳跟疼痛．腳底按壓疼痛'],選擇避震效果好的球鞋跑步。
,,,,,,
溼疹  ,Eczema,"皮膚科,家醫科",皮膚,溼疹是皮膚病的一種，臨床表現在人體表皮及真皮淺層的皮膚發炎，皮膚上會出現水皰、鱗屑、結痂、局部搔癢及燒灼感。溼疹是很常見的皮膚過敏反應，特徵有對稱分布、劇烈搔癢、滲出體液、多形性和重複發作等。大人與小孩均可能罹患，發病的部位不拘，也不太有季節之分，然而較常於冬季時復發或使病情加劇，患者容易演變成慢性病程，時好時壞。,['成片紅斑．皮疹對稱．密集性小丘疹．細微水皰．滲液．糜爛．結痂．鱗屑．鱗屑痂．患部暗紅．色素沉澱．苔蘚化．皮膚搔癢．皮膚變粗厚．皸裂．膿皰．裂傷．皮膚腫脹'],避開過敏原。造成每個人病發溼疹的過敏原也許大不相同，需考慮個別性，在找出可能的原因後，盡量先行避開。
,,,,,,
蕁麻疹  ,Urticaria,"皮膚科,家醫科,風濕過敏免疫科",皮膚,蕁麻疹是皮膚過敏的一種，特徵為皮膚上出現一塊塊紅腫的膨疹，大小形狀不規則；疹塊出現後，伴隨明顯劇烈的發癢感。如果發作時間短於六星期，稱為急性蕁麻疹，若長於六星期則為慢性。除了急性與慢性之分以外，尚有一些特殊類型的蕁麻疹：丘疹性蕁麻疹：對蚊蟲叮咬起過敏反應的蕁麻疹。寒冷性蕁麻疹：受寒冷刺激引發的蕁麻疹。日光性蕁麻疹：由日照引起的蕁麻疹。壓迫性蕁麻疹：由緊身衣物加壓引發的蕁麻疹。,['皮膚充血．皮膚發紅．局部水腫．皮疹．團塊．皮膚發炎．皮膚搔癢．膨疹．組織液滲透．紅斑．紅腫．全身不適．腹痛．腹瀉．頭痛．高燒．畏寒．乏力．血壓下降．關節痛'],用藥前，事先注意藥物可能引起的過敏反應。
,,,,,,
香港腳  ,"Tinea Pedis,Athlete's Foot",皮膚科,"皮膚,足部",香港腳又稱為足癬，是一種常見的足部皮膚病，因溼氣而導致黴菌的感染，好發於夏季，具傳染性，後期可能發展蔓延至患者個人的其他部位，例如腹股溝、腋下等處，亦可能透過接觸傳染他人。醫學上分為三類型：1、水皰型：腳趾間冒發大水皰，夏天最為嚴重，奇癢無比。2、糜爛型：趾間除水皰外尚有紅腫發炎的現象，甚至感染細菌產生化膿潰瘍。3、角化型：足部水皰很少或幾乎沒有，也不發癢，但腳後跟及足緣的皮膚表層不斷角化、脫屑和龜裂。,['足部搔癢．皮膚表層發白．足部水皰．皮屑剝落．足部皸裂．足部糜爛．皮下組織腫脹．足部皮膚角化．足部脫皮．腳臭．足部紅腫'],經常保持足部清潔乾爽，出汗的腳要盡量想辦法保持通風、透氣。
,,,,,,
梅毒  ,Syphilis,"皮膚科,泌尿科,感染科,婦產科","皮膚,生殖器官,全身",梅毒是一種慢性傳染的皮膚病，又可視為性病的一種，因為它通常是經由性交而傳染。病原體為梅毒螺旋體（Treponema Pallidum，蒼白螺旋體，簡稱TP），潛伏期約三星期。第一至第二期的梅毒最具傳染力，不分種族、性別和年齡均可能得病。初期症狀是先在局部皮膚或黏膜發生潰瘍，第二期則好發全身性紅疹，第三期會造成循環系統與中樞神經系統產生病變。由於病程漫長，且會因個體的抵抗力與自體反應機制的不同有所變化，整體的臨床表現帶有非典型特徵，某些個案在感染後甚至可以潛伏多年，終身都無明顯發病，因此，梅毒又有「偉大的模仿家」之別稱。目前梅毒仍是流行於全球，普遍存在的性傳染疾病，與肺結核、痲瘋並列為世界三大慢性傳染病，而在台灣，梅毒被衛生署列為第三類法定傳染病，應於診斷後一週內通報。,['皮膚性潰瘍．硬下疳．生殖器官冒發斑疹．生殖器官冒發丘疹．生殖器官糜爛．生殖器官潰瘍．皮疹．發燒．喉嚨痛．全身乏力．體重減輕．脫髮．頭痛．關節炎．骨骼好發炎性軟瘤．慢性肉芽腫．梅毒腫．神經系統麻痺．噁心．嘔吐'],固定性伴侶。
,,,,,,
淋病  ,Gonorrhea,"皮膚科,泌尿科,婦產科,感染科",生殖器官,淋病與梅毒一樣屬於皮膚性病的其中一種，淋病感染的病原菌全名為奈瑟氏淋病雙球菌（N.Gonorrhoeae，簡稱淋菌），主要是藉由性接觸傳染，潛伏期長短不定，通常臨床症狀會在感染的三天後開始發生，不過如果性生活過度、身體虛弱、加上酗酒抽菸等惡習因素，可能使潛伏期縮短，加速發病。淋病主要影響人類的生殖器官，無論男女，皆會受苦於泌尿系統及生殖系統的發炎、腫痛、化膿、滲出體液等，最後嚴重的還可能蔓延至心臟、肝臟、腎臟或其他臟器，損壞原本的運作功能。淋病也會影響新生胎兒，致使他們併發眼疾失明。目前淋病仍是全球流行的傳染性病，過去二十年來染病人數還有直線上升的趨勢。在台灣，淋病被衛生署列為第三類法定傳染病，應於診斷後一週內通報。,['尿道不適．解尿困難．性交疼痛．頻尿．尿道化膿．尿道口紅腫．血尿．喉嚨痛．吞咽不適．白帶增多．下腹痛'],宣導正確的性教育，改善色情、賣淫、嫖娼及性喜濫交的風氣。
,,,,,,
毛囊炎  ,Folliculitis,"皮膚科,家醫科",皮膚,毛囊炎是體表的毛囊感染細菌所引發的一種化膿性炎症。根據病灶的部位又可分為：髮際瘡（發於頸部髮際）、鬍鬚瘡（發於下頷）、眉間瘡（發於眉間）、坐板瘡（發於臀部）等。小兒最常見於頭部，成人則只要有毛髮的部位都可能引發毛囊炎。一般輕微的毛囊炎，在用消毒水清洗或者塗敷抗生素藥膏於患部，約一至二週就可治癒，不至留下疤痕。,['毛囊性丘疹．丘疹中心有毛髮貫穿．紅疹．疹尖化膿．膿皰．流膿．疤痕．搔癢．疼痛'],注意飲食起居，作息和三餐定時定量，適度的休息，放鬆心情，舒解壓力，睡眠充足。
,,,,,,
肝斑  ,Melasma,"皮膚科,家醫科,美容中心","皮膚,臉",肝斑是一種黑色素沉著斑出現於顏面的皮膚病，好發於女性，也較常見於東方人，通常斑塊會呈現對稱分布，相當好辨識，而名稱的由來則是因為肝斑的顏色為黃褐色或黑褐色，近似肝臟的色澤，並非指這種病就是由於肝功能不好或肝臟欠佳所導致。肝斑依照色素沉澱的程度又可區分為表皮型（發於皮膚較淺層）、真皮型（發於皮膚較深層）及混合型三種。,['顏面色素沉澱．黃褐色斑．灰藍色班．斑塊分布對稱．斑塊邊界清楚．不規則斑狀'],生活作息規律，避免熬夜，保持睡眠充足。
,,,,,,
牛皮癬  ,Psoriasis,"皮膚科,家醫科","皮膚,關節",一種經常反覆發作的皮膚炎症，很難根治，有些患者的病變皮膚會因為復發太多次，或是不當搔抓導致皮膚受傷而變得愈加肥厚、暗紅，患部遂形成皮革狀，有如牛身上的皮膚一般，因而得名。牛皮癬的外觀為粗糙的紅色丘疹或斑塊，表面覆蓋許多銀白色的鱗屑，所以在大陸又有銀屑病的別稱。發病原因主要與遺傳基因有關，不具任何傳染性。,['紅斑．丘疹．脫屑．搔癢．紅色薄膜．點狀出血．乾裂．疼痛．乾癢'],盡量保持心情放鬆，避免過度疲勞，充足的睡眠和休息。
,,,,,,
皮膚過敏  ,Skin Allergy,"皮膚科,家醫科,風溼過敏免疫科",皮膚,皮膚過敏是一種人體過敏的形式，臨床表現在皮膚上，多發於敏感性肌膚或敏感體質。從醫學角度來看，皮膚過敏指的就是，當皮膚受到各種刺激，如化學製劑、化妝品、花粉、某些過敏原食品、污染的空氣、沙塵等等，導致皮膚出現了紅、腫、癢、脫皮、甚至演變出較嚴重的過敏性皮膚炎等病症。現代環境污染嚴重，人造物、添加劑又多，致敏機會有節節攀升的趨勢。,['皮膚過敏．發癢．患部紅腫．泛紅．乾屑．脫皮．水皰．病灶結痂．滲出體液．皮疹．色素沉澱．毛孔粗大．粉刺．青春痘．色斑．老化皺紋'],飲食多注意營養均衡，多吃一些淡水魚、牛奶、新鮮豆製品及蔬菜水果，以增強皮膚免疫力。相對的，少吃鹹水魚、帶殼的海鮮等容易致敏的食物。
,,,,,,
單純皰疹  ,Herpes Simplex,"皮膚科,小兒科,泌尿科,婦產科,家醫科",皮膚,單純皰疹是一種傳染性的皮膚病，由單純皰疹病毒（HSV，Herpes simplex virus）所引起，主要透過飛沫、及直接接觸患者傷口或分泌物所傳染。一般潛伏期約二到十天，主要症狀為出現一群小水泡，接著水泡破裂、潰瘍、結痂，病程約二十天。可分為原發性感染及復發性感染，原發性僅少部份患者會出現水泡或潰瘍及疼痛的症狀。水泡裡有病毒，除了無法避免的外力，不要刻意去擠破，水泡破了將使病毒到處散播。依病毒侵犯人體部位之不同，又可分為兩型：第一型單純皰疹（HSV -1），病灶主要出現在口腔、唇、眼、耳、頰等處的黏膜和皮膚，常見於嬰幼兒或兒童期的小孩，由家人或朋友的親吻、共用食器、毛巾所傳染，症狀為水泡或潰瘍及輕微疼痛感。此種皰疹也可能感染皮膚傷口，如在手指上的傷口即稱皰疹性膿指症。第二型單純皰疹（HSV -2），病灶多為生殖器附近的黏膜和皮膚，也稱為生殖器皰疹，傳染途徑大部分是藉由性行為直接接觸，或新生兒經由母體產道感染。第二型的臨床症狀初次不明顯，不易追溯感染來源，二度復發時則有顯著的皮膚起水泡、潰瘍、刺痛，還可能產生排尿困難、尿尿有灼熱疼痛感、發燒、肌肉痠痛等。,['皮膚敏感．搔癢．起水泡．灼熱感．疼痛．刺痛．排尿困難．輕微發燒．肌肉痠．破皮．潰瘍．結痂．扁桃腺發炎'],避免親吻、共享食物或食器等，個人衛生用品如毛巾、護唇膏等，也最好獨立使用。
,,,,,,
痤瘡  ,Acne vulgaris,皮膚科,皮膚,痤瘡，俗稱「青春痘」。是一種毛囊皮脂腺慢性發炎而產生的症狀。好發於青春期的青少年，但成年男女也可能會有青春痘的問題。主要是因為毛囊皮脂腺分泌旺盛，阻塞毛孔而造成。痤瘡主要分為二大類別：●非發炎型痤瘡：包括白頭粉刺及黑頭粉刺，屬於初期的痤瘡症狀。白頭粉刺又稱閉合性粉刺，開口不明顯；黑頭粉刺又稱開放性粉刺，位於毛囊口的頂端，造成毛孔擴張。●發炎型痤瘡：則包括丘疹、膿皰和囊腫。因初期痤瘡症狀出現後，皮脂腺持續分泌、皮脂堆積在毛孔內而發炎惡化形成的症狀。,['粉刺．丘疹．膿皰．紅色硬凸狀結節．囊腫'],做好正確的臉部清潔：使用適合自己膚質狀況的洗面乳及溫冷水洗臉，勿用力搓揉，若為油性膚質，建議可於兩次洗臉中間使用清水清洗。
,,,,,,
脂漏性皮膚炎  ,脂漏性皮膚炎,皮膚科,皮膚,一種和皮脂分泌有關的皮膚炎症，好發於人體皮脂腺分泌旺盛之處，例如頭皮、額頭、眉毛、眼皮、鼻兩側、耳前後、顏面人中、前胸、後背、腋下等。當皮脂分泌過多就成「油性脂漏」，如果過少便成「乾性脂漏」，兩者都屬於皮脂失衡現象，會進一步造成皮膚發炎、紅腫、起疹的病症。一般來說與遺傳和體質有關，大致可分為嬰兒型與成人型。嬰兒型多發生在出生後數個月內，多數在週歲前會自己痊癒。而成年才發病的，通常與壓力大、作息不正常、免疫力下降、季節轉換有關。且成年後才患病的人再發率很高，容易演變成慢性病，只能長期治療並搭配生活型態的調整，很難根治。,['皮膚出油．皮膚乾燥．發癢．發紅．發炎．脫屑．乾屑．紅斑．出疹．黃色皮鱗屑．黃褐色結痂．搔癢．破皮糜爛．掉髮．頭皮油垢'],飲食清淡，避免多脂多糖或刺激性的飲食，並多吃蔬菜水果。
,,,,,,
雞眼  ,Corn,皮膚科,"厚繭,肉刺",雞眼其實就是局部的表皮異常增厚所造成的增生角質層，好發於足底前端及腳趾，也有長在手指或手臂上的，其形狀呈圓錐體，圓錐的底長在皮膚表面，尖端的頭則深嵌入真皮中，壓迫神經末梢，一旦受到外力再擠壓就會引起明顯痛感。雞眼又有軟、硬之分。軟型雞眼通常發生在趾間，尤其是第四與第五趾間，質地白色而溼軟。硬型雞眼則好發於小趾外側、趾頭背側（尤其是骨頭隆起處），質地乾而硬，屬於發展到最嚴重程度的雞眼。在治療上由於和生活習慣例如穿鞋、走路姿勢有關，不易根治，但當去除壓迫或摩擦的主因之後，多數的雞眼是可以自行變軟，恢復成正常的皮膚結構。,['黃白色固狀硬塊．明顯壓痛．走路腳底痛．角質增生．表皮長繭'],穿舒適的鞋走路，鞋的大小合腳且適度柔軟，減少腳底及特殊部位的不良摩擦。如有個別的需求例如扁平足，應使用專門針對扁平足所設計的鞋墊，或量身訂製一雙鞋。
,,,,,,
股癬  ,Tinea cruris,皮膚科,鼠蹊部,專指鼠蹊部的黴菌感染，與足癬（香港腳）為同一種病原體，當黴菌感染到了人體的大腿內側、臀部、會陰等私密部位所引發的皮膚癬病，就稱為股癬。俗稱的「胯下癢」問題，最常見的就是股癬，臨床診斷上需謹慎與紅癬、牛皮癬、溼疹及脂漏性皮膚炎等其他相近的皮膚病區別清楚，以對症下藥，盡早治療，避免病情向外擴大，侵犯整個大腿和身驅。治療上需耐心擦抗黴菌藥膏，若症狀較嚴重可能還需搭配口服抗黴菌藥，用藥務必配合醫師指示，若見好轉即自行停藥，很容易再復發。,['胯下發紅．胯下脫皮．環狀圓形斑片．脫屑．丘疹．搔癢．水皰．結痂．膿包'],維持私密部位清潔，每天洗澡，運動後盡可能立即沖澡更衣，並記得將胯下及肛門處的水分仔細擦乾。
,,,,,,
狐臭  ,Armpits odour,"皮膚科,家醫科,美容中心,整形外科,呼吸胸腔科,神經科",腋下,狐臭的俗稱，指的是某些人體在排汗時會散發特殊異味的症狀，成因與個人腋窩的大汗腺分泌有關。屬於原發性，且多半會遺傳，大多於青春期性荷爾蒙刺激時開始產生，中、老年後腺體漸萎縮，味道也就消失。此種特殊的症狀雖然不致影響人體健康，但很容易帶給其他人不愉快的氣味，使狐臭者備受心理壓力。如果可以想辦法減少或擦去腋窩下汗液的分泌，將可降低臭味產生。,['腋下異味．黃色汗漬．汗液黏稠．阿摩尼亞味．耳道溼黏'],保持腋下清潔乾燥，適時刮除腋下毛、適度使用止汗劑可緩解異味。
,,,,,,
異位性皮膚炎  ,Atopic dermatitis,"皮膚科,風濕過敏免疫科",皮膚,異位性皮膚炎是一種慢性且持續性的皮膚過敏疾病，與家族遺傳有關。最常在嬰兒期或兒童期就開始發病。主要特徵為病灶奇癢無比，尤其晚上睡覺時特別癢，睡眠品質不好進而影響白天的課業、工作。嬰兒型的異位性皮膚炎病症較集中在前額與頭皮，冬季雙頰或頸部會出現乾燥脫皮的現象，患部伴隨搔癢導致嬰孩哭鬧不安，不易入睡。之後，會慢慢轉移到四肢的屈側，如手肘窩、膝窩。而兒童型及成人型的異位性皮膚炎，病灶會轉到四肢的伸側。急性發作起來的搔抓可能使皮膚損傷帶有滲出液，長期下來造成該部位皮膚增厚、膚質變粗，顏色也變深，就像又粗又黑的象皮一般，儼然變成慢性溼疹的外觀。通常異位性皮膚炎患者同時還會帶有多個個人或家族性的過敏性鼻炎、氣喘、蕁麻疹或過敏性結膜炎等病史，也就是所謂的異位性體質。多數隨著年齡的增長，病況可望緩解，但也有些是在青春期過後或到成年期才發病，然而大抵皮膚狀況均屬敏感，易於發炎，為避免刺激與惡化，應積極把握住五大原則：避免皮膚乾燥、天氣熱、流汗、曬太陽、壓力大和焦慮。,['皮膚乾燥．皮膚敏感．搔癢．紅疹．丘疹．脫屑．關節部皮膚增厚．皮膚變粗．破皮．滲出體液．水泡．結痂．毛孔角質化'],平時加強保溼，避免用過熱的水洗澡，頻率和時間也要適度。因為異位性皮膚炎本身的膚質就是乾燥而敏感型，沐浴之後可擦乳液和凡士林為肌膚加強鎖住水分。
,,,,,,
汗皰疹  ,Pompholyx,皮膚科,"皮膚,手部,腳部",汗皰疹是一種好發於手腳的皮膚炎，症狀為一顆顆透明帶癢的小水泡，由於出現的部位多集中在手掌、手指側面或腳掌、腳趾側面，這些手腳汗腺發達的地方，故稱汗皰疹。水泡約兩到三週可望自行消退，最佳治療期就是在水泡剛冒發時、也是最癢的階段。汗皰疹實際上與個人排汗功能的問題無關，而是一種體質反應。容易復發，不易根治，治療上須同時調整日常生活習慣，減少壓力、熬夜等刺激因子。,['起水泡．騷癢．紅腫．破皮．脫屑．結痂．刺痛'],平日加強手足護理，敏感膚質者盡可能不用手直接觸碰刺激物質如水及化學劑，可事先戴手套加以隔絕，事後擦保溼霜加以滋養，足部也要隨時保持乾爽。
,,,,,,
脂肪瘤  ,Lipoma,"皮膚科,一般外科",皮膚,脂肪瘤是一種皮膚良性腫瘤，由成熟的脂肪細胞過度增生而成，外觀軟軟圓圓，最外層包有一層薄薄的纖維膜，內含許多纖維束，有時還包含不同比例的血管、肌肉、軟骨、骨髓細胞、汗腺、胸腺、甲狀腺等伴隨增生，腫塊的邊緣清楚，可推移，最常見於四肢或軀幹等皮下的軟組織層，但也有生長在人體內的器官，如胃腸壁、腹腔、筋膜等，所以依照不同的部位又可細稱為皮下脂肪瘤、血管平滑肌脂肪瘤、腎錯鉤瘤、肝錯鉤瘤等。一般長在軟組織層的脂肪瘤，較少發生惡性病變；但如果長在內臟或是後腹腔就要定期追蹤，一旦發現脂肪瘤突然變大或邊緣變得不清楚，就有可能是其他病變導致脂肪瘤惡性變化，或是良性脂肪瘤轉為惡性腫瘤。腫瘤數目若只有一個，稱孤立型脂肪瘤，兩個以上的則稱多發性脂肪瘤。通常感覺不痛不癢，但如果剛好長在血管或神經密集處，就可能因為血管自然收縮或壓迫到周圍的神經與牽動組織，引發明顯的觸痛現象。臨床上，脂肪瘤最小有一公分，最大可能逾十公分以上。多發性脂肪瘤可進一步追溯出家族病史，若懷疑有惡化的可能、局部疼痛不已、或瘤體特大影響美觀及生活，便要就醫處置，可採取手術摘除，或以打洞抽脂的方式將脂肪瘤用碎之後，由洞孔抽除。,['皮下腫塊．橘皮．間歇痛．吞嚥不易．呼吸困難．血便'],戒除油炸類與高膽固醇的飲食習慣。雖說脂肪瘤的成因與肥胖無直接關聯，但假使膽固醇高的食物如動物內臟、蛋黃、魚卵、動物性肉類等吃多了，進入腹腔還是會造成臟器代謝的負擔，容易刺激腫瘤增大或者惡化，所以盡可能少吃為妙。反之，多食低膽固醇的食物，例如海帶、新鮮豆類、香菇、木耳、芹菜等。
,,,,,,
褥瘡  ,"Pressure Sore,Bed sore","皮膚科,一般外科,整形外科",皮膚,褥瘡即俗稱的壓瘡，指的是皮膚或皮下組織同一患部長時間受到壓迫或摩擦，血液循環受阻而產生的壞死現象。全身各處只要會與外物產生接觸面的，長期下來都可能引發褥瘡，一開始局部組織往往會先傳達一些異常警訊，像是某部位的皮膚經壓迫過久發紅，而這塊紅斑印過了三十分鐘也還沒消，即可能就是第一期的褥瘡。此時如果不馬上改變施壓點，如翻身、按摩等，以改善血液循環問題，皮膚患部就會開始出現水泡、表皮破損，不長毛髮，真皮裸露，潰爛的周圍會滲出組織液，此進入第二期。到第三期，皮膚的潰瘍會逐漸深入侵犯皮下組織，產生大量的化膿漿液。第四期的褥瘡，潰瘍會更深及肌肉和骨頭處，甚至形成廔管，同時有壞死組織的滲液出現，發黑發臭。整個病程發展極快，等到最嚴重的褥瘡傷口形成，短期內要想治癒也很難，還容易併發敗血症、截肢、甚至致死，所以最好及早發現及早治療，以免病情惡化。,['疼痛．紅腫．起水泡．發炎．灼熱感．脫皮．無毛．潰瘍．化膿．龜裂．發黑．發臭．腐爛．發燒'],避免嚴重外傷或疾病，如骨折、泌尿道感染等，造成長期臥病在床，徒增褥瘡病發的風險。
,,,,,,
骨髓炎  ,Osteomyelitis,"骨科,感染科",骨骼,骨髓炎的成因是骨骼受到病菌感染所引發，病菌入侵骨骼會形成炎性反應，進一步造成膿瘍而破壞骨頭。早期骨髓炎症狀單純時，通常可以使用抗生素治療，晚期常必須藉由手術加以治療。,['骨頭疼痛．肢體腫脹．發燒．畏寒'],重視骨科手術前後的感染率，醫療單位、醫護團隊、及病患都必須非常謹慎的預防手術相關的感染；身體虛弱的病患應避免長時間留滯於醫院內。
,,,,,,
椎間盤突出  ,"Herniation of intervertebral disc,HIVD","骨科,神經科,復健科",脊椎,椎間盤突出是因椎間盤長期承受重力，產生退化及椎間盤軟骨含水量的減少，造成彈性及緩衝能力隨之減弱，導致椎間盤髓核由纖維環向外穿出造成神經壓迫的情形。亦可因患者承受到突發性的外力撞擊或承載受力過重，導致椎間盤的髓核穿出纖維環。上述情形就稱為椎間盤突出，患者首先會出現下背痛的症狀，隨著病程進展，髓核壓迫到脊髓或推移到神經，就會演變成坐骨神經痛，或更嚴重的永久性神經損傷。,['下背痛．腰痛．臀部痠痛．背部僵硬．坐骨神經痛．上下肢體肌肉痙攣．深部肌腱反射減弱．大小便失禁．下肢酸麻．腿部肌肉無力萎縮．行走困難'],床鋪選擇應軟硬適中，維持脊椎正常生理彎曲。
,,,,,,
坐骨神經痛  ,Sciatica,"骨科,神經科,復健科","下背部,臀部,大腿,小腿,足踝",坐骨神經痛是指疼痛感沿著坐骨神經的分佈區域，通常始於下背部與臀部，沿伸至大腿、小腿與足踝。典型坐骨神經痛的症狀為下肢刺痛、灼痛、麻木或感覺異常，患者在咳嗽、打噴嚏、舉重物等使腹壓增高的動作時，會使疼痛的症狀加劇，此有別於一般的腰酸背痛。坐骨神經痛多是因為椎間盤突出壓迫到神經所引起。,['腰痛．下肢刺痛．灼熱感．麻痺感．觸電感．腿部無力．肌肉萎縮'],需要長時間久坐的工作者，最好能將腰椎的部位緊靠椅背，或使用靠墊，讓腰椎能有足夠的支撐；需要長時間久站的工作者，最好能適時彎曲一腳，以緩和下背部承受的壓力。
,,,,,,
骨質疏鬆症  ,Osteoporosis,"骨科,風溼過敏免疫科,婦產科 ",骨骼,骨質疏鬆症是因為骨質流失、骨密度減弱而使骨骼結構被破壞的疾病，結果會導致骨骼變脆弱，發生骨折的機率增高。骨質疏鬆症往往在骨折前沒有明顯症狀，若發生較嚴重的脊椎骨折、髖骨骨折，可能造成永久行動不便、長期臥床或死亡。臨床以骨質密度檢測做為主要診斷標準，一般正常的骨密度標準差（T值）應大於-1；如小於-1以下，代表骨質不足；小於-2.5就是骨質疏鬆症；數值越小，其疏鬆的危險層級就越高。骨質疏鬆症可分為原發型和續發型。續發型大都由其他特殊的疾病造成骨質的流失，40歲以下男性的骨鬆較多為此型。原發型基本上與退化有關，常見於更年期過後的女性；及老年：常見於七十歲以上女性與八十歲以上男性，女多於男。容易導致脊椎壓迫性骨折、腕骨骨折、髖骨骨折等。,['易骨折．脊椎壓迫性骨折．腕骨骨折．髖骨骨折'],維持健康的體重，攝取均衡飲食，尤其補充含鈣量豐富的食物，如小魚乾、蝦米、黑芝麻、紫菜、髮菜、莧菜、海帶、豆腐、豆漿、牛奶、香菇等。
,,,,,,
髖部骨折  ,Hip Fracture,"骨科,一般外科","臀部,髖部",髖關節骨折是老年人跌倒最常見的骨折類型，一旦發生髖關節骨折，傷者會感覺患部劇痛無法動彈、不良於行、無法負重等症狀。因疼痛無法行動、長期臥床，容易發生嚴重併發症致死，因此醫師在治療上一般會希望患者儘早接受手術。但手術應考量骨折型態、患者年齡、健康狀況等因素，如果年紀較輕，可考慮施以鋼釘內固定手術，年紀較大可接受人工關節置換手術、以降低骨折不癒合及股骨頭壞死的可能性。由於多數髖關節骨折的患者年齡都很大，本身常合併有其他慢性疾病，接受手術前一定要全面評估，不但手術中的麻醉風險高、術後的復健和護理更是關鍵，最好在手術後就讓病人盡早下床多活動，減少長期臥床所引發的嚴重併發症，如泌尿道感染、肺炎、褥瘡或死亡，這些是造成髖關節骨折後一年內死亡率高達百分之二十的主要原因。另外，可以多補充鈣片與維生素D，攝食高蛋白食品如奶、蛋、肉類，幫助修復斷骨，期間也要遠離菸、酒，減緩骨質流失速度。,['鼠蹊部劇痛．髖部劇痛．翻身困難．無法站立．無法負重．行走困難．長短腳．下肢外翻'],平日攝食足夠的鈣質食物如小魚乾、海帶、豆漿等，接受適量的日照幫助維生素D生成，遠離菸酒等，都是增加骨本、減緩骨質疏鬆症發生的保健方式。
,,,,,,
肌腱炎  ,Tendonitis,"復健科,骨科,一般外科,神經科","肌腱,關節",當肌腱組織長期受外力不當的作用影響而發炎，就會形成肌腱炎。肌腱是連接肌肉與骨骼的膠原纖維組織，負責傳遞肌肉的力量抵達骨頭以帶動關節活動，具有耐受伸、彎、扭等，在關節周圍處如手指、手腕、手肘、肩膀、膝蓋、足踝、腳跟等，這些部位因經常活動，肌腱的受力與磨損也極大。鈣化性肌腱炎、媽媽手、滑鼠手、網球肘、高爾夫球肘等，都是常見的肌腱炎類型。值得一提的是，五十肩與肌腱炎的症狀很類似，所以肩膀疼痛不一定就是肩部肌腱炎，首先要確認發炎問題出在肌腱還是關節（囊）。肌腱發炎的臨床症狀為局部疼痛，按壓患處或肌腱用力時不適感會加劇，某些肌腱發炎外觀會有腫脹發熱的現象。病況輕微者兩週內可自癒，逾一個半月情況還未改善，則可能發展成慢性肌腱炎，除疼痛外還會伴隨無力、麻痺、動作僵硬，無法伸展自如等。,['疼痛．紅腫．發熱．麻木．僵硬．無力'],平日可多做一些伸展操，平衡處於過度緊繃狀態的肌腱。
,,,,,,
鈣化性肌腱炎  ,Calcifying Tendinitis,"復健科,骨科","肌腱,關節",鈣化性肌腱炎是鈣化物質沉積於關節周圍的肌腱，所造成反覆發炎的疾病。患部約有70%發生在肩關節，其他像是髖關節、肘部、手腕和膝關節也可能發生鈣化物質沉積。肩關節的鈣化性肌腱炎的臨床表現有：肩膀的活動度受限、旋轉至某個角度時會引發劇烈疼痛、全天候陣疼影響生活品質，甚至嚴重到手臂無法舉起，妨礙手臂活動並造成麻和痛。一般治療多採保守方式，包括口服消炎止痛藥、局部藥物注射及物理治療，如已妨礙日常生活，才會選擇手術直接切除鈣化組織，或可考慮體外震波治療。此外，由於發病部位和臨床表現相似，肩部鈣化性肌鍵炎經常與五十肩混淆，而兩者的區別在於：五十肩是因肩關節退化或受傷造成關節沾黏，引起發炎反應，鈣化性肌腱炎則是因肌腱鈣化所導致，且鈣化性肌腱炎的疼痛通常高過五十肩。肩部肌腱炎若拖久了，亦可能演變為五十肩。,['肩膀劇痛．肩膀無力．手臂無法抬起．上臂疼痛'],不讓肩膀過度疲勞或負荷重物，容易造成肩部肌腱發炎鈣化的不當壓力也都應盡量避免。
,,,,,,
肩旋轉肌袖病變  ,"Frozen Shoulder, Subacromial Impingement, Rotator Cuff Tendinopathy","復健科,骨科",肩關節,肩旋轉肌袖病變是肩關節周圍肌肉、韌帶、滑囊、關節囊等組織退化、受傷或病變，而引起的關節囊慢性炎症，因患病部位牽涉關節周圍，亦稱肩周炎，以女性患者居多，又因臨床統計平均約五十歲以上發病，故俗稱五十肩。致病原尚不明瞭，推測可能與肌鍵炎、肌腱老化、外傷骨折及特定疾病等因素有關。五十肩依其病程可分為疼痛期、冰凍期和解凍期三個時期。症狀包括：肩頸部疼痛、肩膀僵硬、手舉不起來、肩關肩在某些角度的活動度受限等。此外，患者夜間睡覺時疼痛感會更為劇烈。治療上，多採物理運動的復健方法，如爬牆運動、鐘擺運動、肩輪運動等，強化患者肩部肌肉力，或透過熱敷、短波、超音波療法，減輕肩關節周圍軟組織的疼痛感。,['肩痛．頸痛．肩膀僵硬．無法舉手．肩膀無力．關節活動受限'],平時適度舒展肩關節，可促進關節囊膜分泌新滑液，保健肩部關節軟骨組織。
,,,,,,
手指肌腱狹窄性腱鞘炎  ,"Stenosing Tenosynovitis of the Flexor Tendons,Trigger Finger,Locked Finger,Snapping finger","復健科,骨科",手指關節,手指肌腱狹窄性腱鞘炎，指的是發生在手指部屈指肌腱鞘的一種慢性無菌性炎症，由於手指伸展時會喀喀作響，因此又叫「扳機指」。肇因多為過度頻繁地使用固定的手指動作，如工廠作業、電腦操作、彈奏樂器、女紅、及勤做家務等。明顯的臨床表徵有：患指彎曲後不易伸直，在掌指關節處按壓會有痛覺，還可觸摸到腫脹和結節硬塊等。病況早期，患者起床或工作時會自覺手指的靈活度略減、掌指關節很容易就痠痛，後期則疼痛加劇、手指活動整個受限，更甚者患指還需要其他旁側的健康手指加以輔助才能伸展完全。扳機指可以發生在任何手指，最常見的在大拇指，又常常合併媽媽手或腕隧道症一起出現。另有一種專門發生在幼兒身上的屈指肌腱鞘炎，是先天就有的，一歲前約有三成能自癒，兩歲後如未能自癒再考慮動手術，避免引發其他後遺症。,['患指充血腫脹．患部無力．患部僵硬．患指伸屈困難．伸指有聲．掌指關節痠痛'],保持正確的手部姿勢，避免讓手指過度頻繁做固定的彎曲動作、持續時間過長或過於出力，更不勉強用一指提重物。
,,,,,,
腕隧道症候群  ,"Carpal Tunnel Syndrome, CTS","復健科,骨科,神經科,一般外科",腕部關節,腕隧道症候群是一種合併手腕、拇指、食指、中指及無名指麻痛症狀的疾病，與同樣造成手腕不適的另一種手疾：媽媽手，不同之處在於，媽媽手是拇指外側靠近腕部的兩條肌腱發炎，導致拇指活動時疼痛，而腕隧道症候群則是因通過手腕腕隧道的正中神經因故受壓迫所引發。經常重複性使用手腕，讓腕部久處於不自然的狀態，包括屈曲、折壓或扭轉，都很容易造成腕隧道症候群。疾病早期，正中神經所支配的腕部區域會出現輕微麻木、疼痛等，症狀可能發生在單側或雙側手腕，且會在夜間加劇，甚至半夜被痛醒，漸漸地白天也會時不時出現手指和腕部痠麻、灼熱和針刺感。疾病中期，細微的手部動作會開始出現障礙，如杯子握不住而摔破、疼痛感也會延伸至肘肩等。到疾病後期，可能導致患者感覺喪失、肌肉萎縮等。當正中神經傳導出現病變，屬不可逆現象，需及早接受治療，以防更嚴重的併發症。,['手麻．刺痛．腫脹灼熱．手痠無力．手指動作障礙'],避免長時間過度使用手腕，如有必要可加戴護腕加以保護，並適度讓手腕休息，而腕部最放鬆的就是自然伸直的狀態。
,,,,,,
肱骨外上髁炎  ,"Lateral Epicondylitis, Tennis Elbow","復健科,骨科","手臂,手肘",肱骨外上髁是指前臂伸肌總腱與肱骨的銜接處，此處周圍的軟組織慢性炎症，即稱作肱骨外上髁炎。因為在網球選手身上很常見，因此又稱網球肘，但並不局限於運動員，從事建築木工、搬運裝修、烹飪、家庭主婦等職業的人也很容易發生。如果疼痛病症是出現在肘部關節內側的，則為肱骨內上髁炎，或稱高爾夫球肘。臨床症狀最明顯的就是肘部關節外側感覺痠痛，當手部提、握或拉重物時痛感加劇，並會延伸至整個前臂外側，更有甚者肘關節可能變得無力而且僵硬，嚴重到日常生活中的持筷、拿杯子、擰毛巾、開門、握手及寫字都有障礙。自我診斷方式是做旋臂屈腕測試，將前臂往外旋，腕部微彎，肘部伸直，如果這時手肘出現疼痛，即可能罹患肱骨外上髁炎，可至醫院專科接受核磁共振掃描或軟組織超音波檢查加以確診。治療上會先採休息、冰敷消腫、熱療或電療等物理治療及運動，並配戴護肘護具等方式，疼痛較嚴重者，可考慮局部注射(增生療法)，逾半年以上仍不見成效，才考慮手術治療。,['肘外側痠痛．紅腫發熱．前臂痛．伸肘疼痛．手臂無力．手肘僵硬'],盡量避免手肘與前臂的肌肉處於負荷過度的狀態，在施力搬運或工作時，如肘部關節感到痠累，最好稍作休息並分段進行，絕不勉強。
,,,,,,
肱骨內上髁炎  ,"Medial Epicondylitis,Golf Elbow","復健科,骨科","手臂,手肘",肱骨內上髁炎亦屬上髁炎的一種，只是患部發生在肘部及前臂的內側，在打高爾夫球揮桿至最高點時，內側手肘承受強大的外翻力量，易造成該部位的旋前肌群與屈肌腱拉傷，因此高爾夫球員經常罹患此症，故別稱高爾夫球肘。類似這種猛力加速導致內側手肘與前臂承受強大壓力的運動還包括：投擲棒球、網球、保齡球、橄欖球，以及從事頻繁使用前臂的行業，如家庭主婦、學生、會計、鉛管工、園丁等。臨床上，疼痛會由手肘關節的內上髁發作，並隨著手腕屈曲及前臂旋轉動作，如提舉重物而痛感加劇。若發現以下徵兆，就可能是罹患肱骨內上髁炎：．手肘內側觸壓會痛。．屈肘、外翻會痛。．當手部施力或旋轉時，如擰毛巾，手肘內側及前臂會痛。．肘關節內側可能發腫發熱，夜間影響睡眠品質。肱骨內上髁炎若不及時治療，疼痛最終會延伸到前臂及掌指，導致局部痠痛無力，無法提起重物，甚至出現神經感覺喪失的現象。治療首在改善疼痛，同時使用前臂束帶來矯正錯誤的姿勢、勤做肌肉放鬆訓練等。若保守療法無效再考慮手術治療。,['肘內側痠痛．紅腫發熱．壓痛．握力弱．屈腕無力'],留意工作量，避免讓前臂內側的肌力過度疲勞，同時調整工作的姿勢，適時做些讓腕部及前臂放鬆的運動，如握拳、鬆開、手臂伸展等。
,,,,,,
顏面神經麻痺  ,Facial palsy,神經科,臉,顏面神經為第7對腦神經，主掌臉部表情及眼皮閉合。顏面神經麻痺好發於春冬交替季節，發病前多有上呼吸道感染病史，會突然出現眼歪嘴斜的情形，常被一般民眾誤認為腦中風。,['臉歪嘴斜．無法閉眼．眼睛乾澀．臉部麻痺．口水外流．抬頭紋消失．溢淚．味覺異常．聽覺異常'],避免長時間工作及熬夜，保持正常作息。
,,,,,,
三叉神經痛  ,Trigeminal neuralgia,神經科,臉,三叉神經是大腦中最粗的一根神經，主管顏面感覺，分別位在額頭、鼻子下巴附近。通常會在眼周、耳周、牙齒周圍及臉部引起強烈疼痛、灼熱、電擊感，與隱隱作痛、或持續性的牙痛不一樣，經常發生於40歲以上的中老年女性。,['臉部疼痛．咀嚼肌痙攣．臉部灼熱．臉部電擊感．單側頭痛'],注意頭部及臉部保暖。
,,,,,,
運動神經元病  ,Motor Neuron Disease,神經科,肌肉,運動神經元疾病，俗稱漸凍人，是一種因運動神經功能受損、造成進行性肌肉萎縮的罕見疾病，發病率約為十萬分之二，可分為幼年型遠端肌肉萎縮症、脊髓型肌肉萎縮、脊髓側索硬化症、下運動神經元症候群四種類型，其中肌萎縮脊髓側索硬化症為最為嚴重常見，80％的漸凍人多屬於此類型，目前尚未有有效的治療方式，患者的平均存活時間只有三年。,['肌肉萎縮．肌肉抽動．四肢無力．吞嚥困難．說話困難．口齒不清．肢體僵硬．全身癱瘓'],夫妻本身或雙方家族有病史者，懷孕前應先進行基因篩檢，以確定兩人是否為帶因者。
,,,,,,
不寧腿症候群  ,"Restless Leg Syndrome,RLS",神經科,"兩側小腿,足部,大腿,臀部,下背部",不寧腿症候群是一種中樞神經障礙疾病，影響的部位以下肢為主，在肢體深層組織處於靜止狀態時，會出現如蟲爬或燒灼刺痛等異常感覺。大多患者在白天時並無任何症狀，但在休息或夜間睡眠時，下肢不適的症狀會加劇，需藉由移動或伸展肢體來緩解不適感。病患經常因腿部深層酸痛、刺癢或抽動而驚醒，反反覆覆中斷睡眠，導致睡眠品質低落，影響日間活力和精神狀況。病情嚴重者，甚至會累及兩側上肢。,['腿部感覺異常．針刺感．搔癢感．牽拉感．痛感．蟲爬感．雙腿抽動．麻痛．睡不安穩．睡眠間斷'],懷孕前可先評估是否有缺鐵、缺葉酸和貧血的現象，提早服用孕期綜合維他命。
,,,,,,
神經纖維瘤  ,"Neurofibromatosis,NF",神經科,"皮膚,皮下組織,神經,骨骼","神經纖維瘤是一種神經科單一基因疾病，因遺傳或自體基因變異所造成。此種先天遺傳性疾病，依照臨床表現主要分為兩大型：第一型最為常見，稱為週邊神經型（NF1），發生率約介於1／3,000~1／4,000之間。NF1病患的症狀特徵是皮膚上有黃棕色的皮膚斑和腫瘤，或腋下及腹股溝出現雀斑，且多在兒童時期就表現出來，青春期後眼睛出現虹膜色素缺陷瘤、或視神經長出視神經膠質瘤。另有些患者有明顯的骨骼病變，如蝶骨發育不良、長骨變薄、脊柱側彎等。第二型為政府公告的罕見疾病，稱為中樞神經型（NF2），發生率約為1／40,000。NF2病患的平均發病年齡為18~24歲，症狀特徵為左右雙側前庭神經鞘瘤與多發性腦膜瘤、脊椎神經腫瘤。","['疾病原因神經纖維瘤是一種體染色體顯性遺傳的神經性疾病。神經纖維瘤第一型（NF1）是位於第17號染色體上的NF1基因發生突變所造成。此突變基因所製造的蛋白質異常，造成細胞不正常生長，進而形成腫瘤。神經纖維瘤第二型（NF2），則與第22對染色體的基因缺陷有關，主要侵犯中樞神經系統，尤其是雙側的聽神經纖維瘤，會造成患者聽力的喪失或逐漸惡化。患者有50％機會把缺陷基因再傳給下一代，另有少數病例是因為父母親的生殖細胞基因變異所導致。A.第一型神經纖維瘤（NF1）的診斷標準為以下的臨床表徵中，至少有兩項（含）或兩項以上者：皮膚有六個（含）以上的咖啡牛奶斑，孩童期直徑大於0.5公分，或成人期大於1.5公分。表皮或皮下有兩個（含）以上任何種類的神經纖維瘤，或一處叢狀神經纖維瘤。腋窩或鼠蹊部有雀斑狀的小色素斑。視神經膠質瘤。眼睛上有兩處（含）以上的虹膜色素缺陷瘤。特定的骨骼病變，如蝶骨發育不良或骨皮質薄化。一等親為符合以上診斷標準的神經纖維瘤症患者。B.第二型神經纖維瘤（NF2）的診斷標為：核磁共振診斷顯示有雙側前庭神經鞘瘤。一等親中有人罹患NF2，並具有單側前庭聽神經鞘瘤（30歲以前），或是神經鞘瘤、腦膜瘤、神經纖維瘤神經膠質瘤或早發性白內障以上其中的兩項。', '皮膚咖啡牛奶斑．腋下或腹股溝雀斑．皮膚腫瘤．身體腫瘤．神經纖維瘤．前庭神經鞘瘤．虹膜色素缺陷瘤．視神經膠瘤．頭大身短．骨骼及軟組織異常增生．蝶骨缺陷．長骨皮質薄化．耳鳴．早衰性白內障']",可藉由抽血檢測基因是否存在變異。夫妻欲生育下一代時，可先進行遺傳諮詢或產前檢查，以預防該疾病發生。
,,,,,,
缺血性腦中風  ,Ischemic Stroke,"神經科,呼吸胸腔科,心臟血管科,復健科","腦,血管",腦中風可分為出血性中風和缺血腦中風兩類。缺血性腦中風是國人最常見的中風，意指因血管阻塞，造成腦血液流量不足，使腦部組織缺血壞死和功能喪失，引起原因又以腦栓塞和腦血栓最為多見。缺血性腦中風發作之前，病患可能會有暫時性腦缺血（俗稱小中風）的症狀，包括突發性單邊手腳發麻無力、語言障礙、視野模糊、平衡感喪失等，發生時間短暫很快就恢復，卻是腦中風的重要前兆。腦頸動脈粥狀硬化斑塊、狹窄是導致缺血性腦中風的重要因素，故除了中老年人，患有高血壓、高血脂、糖尿病的病患及長期吸菸者，也都是好發族群。,['單側肢體無力．單側肢體偏癱．頭痛．暈昡．失語．視力模糊．視野缺損．意識障礙．運動感覺障礙．心悸．抽搐．噁心嘔吐．倦怠．流口水．吞嚥困難．言語不清．嘴歪眼斜．大小便失禁'],均衡飲食，多吃蔬菜及水果，減少高油脂食物攝取。
,,,,,,
出血性腦中風  ,Hemorrhage Stroke,"神經科,心臟血管科,復健科","腦,血管",腦中風可分為出血性中風和缺血腦中風兩類。出血性腦中風是指血管硬化引起腦部血管破裂，導致顱內出血。依出血原因又可分為兩大類：腦內出血和蜘蛛膜下腔出血。雖然出血性中風的發生率較缺血性腦中風低，但起病急、病程發展迅速，故死亡率和致殘率相當高。好發於中老年人，也與高血壓、高血脂、糖尿病及吸菸有密切關係，又以長期控制不良之高血壓，為該病發生最主要的原因。症狀包括突然出現頭痛欲裂、眼歪嘴斜、單側身體無力、與人交談時失語等病徵。一旦中風發作，要把握3小時的黃金時間，盡速將病患送醫治療。,['單側肢體麻木無力．嘴歪眼斜．劇烈頭痛．眩暈．噁心嘔吐．意識不清．昏迷．言語不清．失語．吞嚥困難．流口水．走路不穩．運動失調．複視．視力模糊．視野缺損．抽搐'],日常飲食應選擇清淡、低鹽低脂的食物，避免辛辣及攝取高油脂食物。
,,,,,,
退化性關節炎  ,Osteo arthritis（OA）,骨科;復健科,關節軟骨,退化性關節炎來自於關節軟骨磨損、關節內潤滑液變少、關節周邊組織產生慢性發炎反應，造成的關節退化性疾病。退化性關節炎分為原發性（老化、肥胖）及次發性（疾病、遺傳或長期職業傷害），可發生於身體的任何關節，最常發生於膝關節、髖關節、手關節等可動關節，另還有肩關節、脊椎、踝關節等。由於是關節「老化」，無法根治，只能透過復健及保守治療如運動治療或藥物治療，如無效再施行人工關節置換手術。,['關節酸痛無力．關節僵硬．足踝疼痛．腰痠背痛．蹲下站起困難．關節腫大積水．關節變形．骨刺生成'],多食用富含膠原蛋白的食物，如蹄筋、雞爪、豬皮等。
,,,,,,
半月軟骨破裂  ,Meniscus tear,骨科,膝關節軟骨,半月軟骨破裂是一種常見的膝傷，通常是由於膝關節強力扭曲或快速旋轉，造成軟骨破裂。可分成創傷型和退化型，退化型半月軟骨受傷多因自然老化造成，常與退化性關節炎一起發生。創傷型則多發生在運動員或年輕人身上，1/3的患者會同時合併前十字韌帶損傷。,['膝蓋腫脹．膝蓋僵硬．膝蓋疼痛．膝蓋異常聲響．膝蓋活動不順．蹲下困難．伸直困難'],避免從事過度激烈的運動。
,,,,,,
僵直性脊椎炎  ,"Ankylosing spondylitis,AS",風濕過敏免疫科,"脊椎,薦腸骨關節,脊椎周邊肌腱韌帶",僵直性脊椎炎是一種免疫異常造成的慢性發炎性關節炎，主要侵犯脊椎、骨盆的薦腸關節、下肢關節及脊椎關節附近肌腱、韌帶等軟組織。症狀特徵為下背部及腰臀部酸痛僵硬。與一般的腰酸背痛差異在於:只要固定姿勢一久就會疼痛，但活動一下就會好轉；並且症狀持續3個月以上，尤其半夜、晨間特別僵硬，即是發炎性背痛。病情持續惡化將會導致脊椎關節僵直黏著，並容易造成骨折，部分病患會演變成嚴重的脊椎前彎（駝背)，甚至殘障失能。除了脊椎關節的病變外，也可能侵犯身體的其他器官或組織，如眼睛等，因此應將僵直性脊椎炎視為一種全身性的慢性發炎疾病。,['下背痛．臀部酸痛．胸痛．晨僵．疲勞．體重減輕．手指腳趾腫脹疼痛．運動範圍受限．肌腱或韌帶與骨骼交接處發炎．上下肢關節炎．眼睛紅痛．視力模糊．畏光．駝背'],有家族病史者如有背痛或虹彩炎症狀，最好能至醫療院所進行身體檢查，以早期診斷、早期治療。
,,,,,,
紅斑性狼瘡  ,"Systemic Lupus Erythematosus,SLE","風濕過敏免疫科,骨科",免疫系統,紅斑性狼瘡是一種慢性發炎性疾病。因身體的免疫系統失調，自體抗體攻擊全身的器官和組織，導致身體功能損害及產生病變，故稱為自體免疫疾病。不同病患在不同時期，受到侵襲的器官也不盡相同，因此紅斑性狼瘡的症狀非常多樣化，且輕重程度不一。患者面部皮膚經常發生病變，產生如蝴蝶形狀、橫過面部鼻翼兩側的紅斑，像被狼所咬傷，故稱為紅斑性狼瘡。診斷上主要是依據美國風濕病學院所訂定的十一點標準，包括：臉部出現紅斑、圓盤狀皮斑、光敏感、口腔內潰瘍、多發性關節痛或關節炎、尿蛋白超過每天0.5公克或尿液檢查出現圓柱體、神經學病變、肋膜炎或心包膜炎、血液學病變、免疫學病變、抗核抗體(ANA)陽性。若病患符合上述情形四項或四項以上，便可診斷為紅斑性狼瘡。,['倦怠．發燒．畏寒．體重減輕．關節痛．關節僵硬．肌肉痛．肌肉無力．掉髮．紅斑．雷諾氏現象．水腫．腹痛．皮膚疹．憂鬱．噁心．嘔吐．蛋白尿．血尿'],注意防曬，避免直接或間接的接觸紫外線。可塗抹防曬產品、撐傘、戴帽子及穿長袖衣褲。
,,,,,,
過敏  ,Hypersensitivity,"風濕過敏免疫科,家醫科,皮膚科,小兒科,眼科,耳鼻喉科","免疫系統,上呼吸道,眼睛,皮膚,胃腸道",過敏是現代社會最常見的慢性疾病，幾乎人人都有過類似經驗，當人體接觸到某些特定的小分子外來物，免疫系統會在體內起一連串的免疫反應，表現在外的就是打噴嚏、流鼻水、流眼淚等，大部分的過敏病都不至於危害性命，不過也有情況嚴重的，例如急性呼吸困難引發休克而死亡。如果長期反覆發病，也會對生活造成不小困擾。在台灣，常見的過敏性疾病有：●呼吸道過敏：包括過敏性鼻炎、花粉熱、氣喘等，症狀多涉及上呼吸道症候群。●眼睛過敏：過敏性結膜炎。●皮膚過敏：異位性皮膚炎、溼疹、蕁麻疹。●食物過敏：吃進某類食物後不久，胃腸道開始出現不適，或引發急性蕁麻疹。●藥物過敏：外用或吞入某些藥物所引發的類感冒症狀。,['打噴嚏．鼻癢．鼻塞．流鼻水．流眼淚．眼睛癢．眼睛紅．皮膚癢．起疹．紅腫．咳嗽．氣喘．胸悶．嘔吐．腹悶．腹瀉．發燒．頭痛．倦怠．睡眠品質差．呼吸有雜音．呼吸困難．心跳急速加快．胃痙攣．腸絞痛'],找出過敏原，事先避免接觸。如果對某些食物過敏，就不碰那些食物，於食用前也要詳讀內容物標示。如對貓狗過敏，就遠離貓狗。如對花粉過敏，就遠離有花的環境。
,,,,,,
糖尿病  ,Diabetes mellitus,"代謝內分泌科,家醫科",胰臟,糖尿病是一種因體內胰島素分泌不足，或身體細胞對胰島素的利用能力降低所引起的病症。主要分為四種類型：1型糖尿病、2型糖尿病、其他類型糖尿病和妊娠期糖尿病。此四種類型的糖尿病的病徵大多相同，但是此四種糖尿病的致病原因卻有相當大的差異。 胰島素是胰臟中胰島腺的β細胞所分泌的一種蛋白質，可將葡萄糖合成肝醣儲存或促使血中的葡萄糖進入各組織細胞中，用以提供人體所需的能量，使血液中的血糖下降。一般人的身體藉由胰島素來調控血糖，但當胰島素的量不夠，或身體對胰島素降血糖作用反應不佳時，葡萄糖就無法被利用，就會產生血糖過高的問題。血糖過高時，糖份經過腎臟時無法全部回收，而從尿液中排出，因此出現「糖尿」的現象，也就是所謂的糖尿病。,['易餓．體重減輕．疲倦．口渴．傷口久不癒合．四肢刺痛．四肢發麻．視力變差．夜尿增加'],定期做健康檢查，可以了解自己的身體狀況，早期察覺，提早治療。
,,,,,,
甲狀腺機能亢進  ,Hyperthyroidism,代謝內分泌科,"頸,甲狀腺",甲狀腺位於頸部氣管前方，喉部下方，分為左右兩葉，形狀就像一隻蝴蝶，是人體重要的內分泌器官，掌管體內新陳代謝和生長、發育等功能。一旦甲狀腺素分泌太多，基礎代謝率加速，交感神經活性增加，就是甲狀腺機能亢進。,['消瘦．冒汗．凸眼．焦慮．失眠．頸部腫大．心律不整．手抖．血壓上升．心悸．暴躁．月經不規則．體重減輕．緊張．掉髮．腹瀉．不易懷孕'],忌吃含碘食物，如海帶、昆布、紫菜……等。
,,,,,,
甲狀腺機能低下  ,Hypothyroidism,代謝內分泌科,"頸,甲狀腺",甲狀腺位於頸部氣管前方，喉部下方，分為左右兩葉，形狀就像一隻蝴蝶，是人體重要的內分泌器官，掌管體內新陳代謝和生長、發育等功能。一旦甲狀腺素分泌不足，基礎代謝率變慢，就是甲狀腺機能低下。,['嗜睡．心跳變慢．畏寒．皮膚粗糙．體重增加．水腫．便秘．昏迷．疲倦'],忌抽菸喝酒，少食用含咖啡因的食物和飲料，如咖啡、茶葉、可可、巧克力、可樂。
,,,,,,
橋本氏甲狀腺炎  ,Hashimoto's thyroiditis,代謝內分泌科,"頸,甲狀腺",甲狀腺位於頸部氣管前方，喉部下方，分為左右兩葉，形狀就像一隻蝴蝶，是人體重要的內分泌器官，掌管體內新陳代謝和生長、發育等功能。橋本氏甲狀腺炎又叫做慢性淋巴細胞性甲狀腺炎，是種因家族遺傳、體質產生的自體免疫性疾病。,['疲倦．怕冷．便秘．貧血．肌肉關節疼痛．膽固醇升高'],忌抽菸喝酒，少食用含咖啡因的食物和飲料，如咖啡、茶葉、可可、巧克力、可樂。
,,,,,,
亞臨床甲狀腺低能症  ,subclinical hypothyroidism,代謝內分泌科,"頸,甲狀腺",「亞臨床甲狀腺低能症」是甲狀腺刺激素偏高，但甲狀腺素卻正常，造成甲狀腺機能失調。,"['疲倦．怕冷．便秘．', '輕微的疲倦．嗜睡']",忌抽菸喝酒，少食用含咖啡因的食物和飲料，如咖啡、茶葉、可可、巧克力、可樂。
,,,,,,
亞急性甲狀腺炎  ,Subacute thyroiditis,代謝內分泌科,"頸,甲狀腺",亞急性甲狀腺炎是一種暫時性，經治療後少數可復原的甲狀腺疾病。,['喉嚨痛．吞嚥疼痛．全身痠痛．倦怠．發燒．手抖．失眠．食欲不振．心悸．盜汗．頸部腫大．聲音沙啞．肌肉關節疼痛．緊張'],忌抽菸喝酒，少食用含咖啡因的食物和飲料，如咖啡、茶葉、可可、巧克力、可樂。
,,,,,,
甲狀腺結節  ,Thyroid Nodule,代謝內分泌科,"頸,甲狀腺",甲狀腺結節為常見的甲狀腺疾病，絕大多數為良性，約有5%是甲狀腺癌。,['頸部腫大．頸部腫塊．體重減輕．失眠．暴躁'],忌抽菸喝酒，少食用含咖啡因的食物和飲料，如咖啡、茶葉、可可、巧克力、可樂。
,,,,,,
甲狀腺毒性週期性麻痺  ,thyrotoxic perioidic paralysis,代謝內分泌科,"頸,甲狀腺",甲狀腺毒性週期性麻痺肇因甲狀腺機能亢進，造成鉀離子過低，導致肢體無力。,['體重減輕．手抖．焦慮．心悸．四肢無力．頭暈．惡心'],忌抽菸喝酒，少食用含咖啡因的食物和飲料，如咖啡、茶葉、可可、巧克力、可樂。
,,,,,,
甲狀腺風暴  ,thyrotoxic crisis,代謝內分泌科,"頸,甲狀腺",甲狀腺風暴是甲狀腺機能亢進引起的嚴重急性併發症，會產生高燒、心臟衰竭、腹瀉、昏迷等症狀。如未及時治療，可能會導致器官衰竭，嚴重則會致死。,['高燒．心悸．疲倦．焦慮．盜汗．腹瀉．惡心．嘔吐．黃疸．嗜睡．心房顫動．高血壓．心律不整．肺水腫'],甲狀腺相關疾病患者，務必按時服藥及定期追蹤檢查。
,,,,,,
第1型糖尿病  ,"Type 1 diabetes,insulin-dependent diabetes mellitus","內分泌新陳代謝科,小兒科",胰臟,第1型糖尿病屬於胰島素依賴型糖尿病，是指胰島β細胞被破壞，導致胰島素缺乏，常發生於兒童或青少年，患者須終身注射胰島素。,['倦怠．夜尿．尿床．腹痛．嘔吐．脫水．多喝．多吃．多尿．體重減輕．呼吸急促．意識喪失'],家長平常多關注孩童的健康情況，懷疑有問題時，應及早就醫治療。
,,,,,,
感冒  ,common cold,"耳鼻喉科,家醫科","咽喉,鼻",感冒分為普通感冒及流行性感冒，一般泛指普通感冒。是由病毒引起的呼吸道常見疾病。,['打噴嚏．咳嗽．流鼻涕．鼻塞．頭痛．喉嚨痛'],養成運動習慣、睡眠充足。
,,,,,,
流行性感冒  ,Influenza,"家醫科,耳鼻喉科,內科","咽喉,鼻",流行性感冒是由流感病毒引起的急性呼吸道傳染病，易高燒達39、40度，傳染力強，若全家都出現感冒症狀，有高達90%是流行性感冒。,['發燒．打噴嚏．咳嗽．流鼻涕．鼻塞．頭痛．喉嚨痛．全身痠痛'],養成運動習慣、睡眠充足。
,,,,,,
愛滋病  ,"Acquired Immunodeficiency Syndrome,AIDS",感染科,免疫系統,愛滋病又稱「後天免疫缺乏症候群」，是HIV病毒侵犯人體的免疫系統所引發的末期疾病。HIV病毒本身無法致人於死，而是病毒漸漸破壞身體的免疫系統，末期會造成人體的免疫力低下，容易感染上其它疾病，嚴重時甚至導致死亡。這種狀態及表現出來的症候群狀，稱為愛滋病。愛滋病的發病症狀變異性極大，它會依據感染者的免疫力程度、致病細菌的種類及感染部位，表現出不同的症狀。,['發燒．腹瀉．畏寒．夜間盜汗．體重減輕．咳嗽．呼吸困難．氣喘．淋巴腺腫大．脾臟腫大．口腔潰瘍．牙齦炎．頭痛'],單一性伴侶，避免援交、一夜情和嫖妓等危險性行為。
,,,,,,
德國麻疹  ,Rubella,"感染科,皮膚科,小兒科",皮膚,德國麻疹是一種常見的病毒性傳染病，由德國麻疹病毒（Rubella virus）引起，傳染力極強，經由飛沫感染上呼吸道後潛伏期約14∼21天，臨床症狀為感冒常見的疲倦、輕微發燒、鼻咽炎、耳後淋巴結腫脹等，約有半數患者會出現不規則丘疹，發疹從臉和頸開始，狀似紅色針頭細疹，接著散見上肢、軀幹及下肢，24小時後遍布全身，典型的病例出疹狀況只會維持約三天，經治療預後佳，併發症少，且終生得以免疫。德國麻疹病癥溫和，但如果懷孕三個月內的孕婦感染德國麻疹，將可能造成「先天性德國麻疹症候群」，使胎兒主要器官受損或畸型，如先天性耳聾、青光眼、智能不足、先天性心臟病等缺陷，嚴重恐造成死產、流產。因此孕婦或準備懷孕的婦女應特別注意。德國麻疹目前已有疫苗可以使用，流行病例減少許多，目前的防治重點多放在孕婦感染。,['發燒．疲倦．頭痛．鼻咽炎．結膜炎．咽喉疼痛．關節痛．全身發疹．頸部淋巴腺腫大'],接種疫苗。嬰兒出生滿12到15個月、小學一年級可各接種一劑麻疹、腮腺炎、德國麻疹混合疫苗（MMR）；15歲以上少女或準備懷孕卻無抗體的女性，宜補打單劑德國麻疹疫苗。
,,,,,,
肺結核  ,"Pulmonary Tuberculosis, Pulmonary TB","感染科,呼吸胸腔科",肺部,肺結核屬於第三類法定傳染病，是一種肺臟受結核桿菌侵襲、形成結核的慢性傳染病，主要經由飛沫與空氣傳染給他人。由於肺結核早期並沒有明顯症狀，當病患出現長時間咳嗽、咳痰甚至咳血等情況時，大多已是疾病中、晚期。肺結核依傳染力又可區分為開放性肺結核和非開放性肺結核。即使是開放性肺結核患者，只要接受適當的藥物治療，按規定服藥、定期複查，傳染力很快就能大幅降低，通常是可以痊癒的。,['長期咳嗽．咳痰．咳血．胸痛．胸口緊悶．呼吸困難．呈粘液樣膿性痰．食慾不振．體重減輕．午後近傍晚發燒．疲倦乏力．夜間盜汗'],接種卡介苗是最有效的預防方法。新生兒出生滿24小時，體重在2500公克以上，即可接種卡介苗。成年人每年應定期做胸部X光檢查。
,,,,,,
敗血症  ,Sepsis,感染科,血液,敗血症是指病原菌侵入人體，進到血液循環內大量增生繁殖，產生的毒素循環到身體各組織器官，所造成的急性全身性發炎反應。隨著病程發展，器官功能會逐漸受到損害無法維持，演變成嚴重敗血症、敗血性休克。敗血症的死亡率約為20%，嚴重敗血症死亡率則提高至30~50%，若為敗血性休克合併多重器官衰竭時，死亡率更高達80~90%。敗血症死亡率高的主因在於，感染病原菌後引起體內激烈的免疫反應，使身體組織損壞、器官功能失調。,['發燒．寒顫．心跳過快．抽筋．呼吸急促．心跳加快．意識改變．低血壓．呼吸性鹼中毒．體溫過低．白血球異常．腹痛．咳嗽．喘．食欲不振．噁心嘔吐．腹脹．肌肉痛．關節痛．皮疹'],外傷是造成細菌入侵的主因，故受傷應即時消毒包紮，保持雙手的清潔，謹慎處理傷口。
,,,,,,
破傷風  ,Tetanus,"感染科,家醫科","皮膚,肌肉,神經系統",破傷風是一種由破傷風桿菌在人體產生毒素所引起的急性傳染病，全世界都可見，發病率以低度開發國家與鄉村為最多，由於環境因素，當地人容易外傷接觸受污染的土壤及動物糞便，而預防接種、醫護技術又不足所致。臨床症狀患者先是大量冒汗，咀嚼肌抽搐麻痺引發牙關緊閉，之後肌肉痙攣的現象開始慢慢往下，至頸項、背部、腹部、四肢等多處引起癲癇。而最特別的癥狀是因肌痙攣或強烈抽搐而呈現「角弓反張」，即頭與腳跟後屈、身體前弓的狀態；還有因臉部肌肉緊縮，使臉部呈現「痙笑」表情。最終影響呼吸系統方面的肌肉及心肌，有高致命危險。潛伏期約三到二十一天不等，通常愈早發病的人，病況愈危急。,['倦怠．頭痛．出汗．激動．咀嚼無力．牙關緊閉．顏面僵硬．頸肌異常．腹部僵硬．肌肉收縮．肌肉痙攣．抽搐．角弓反張．痙笑．心悸．呼吸急促．全身性僵直．癲癇'],定期注射破傷風疫苗，於受傷前或受傷後予以施打，都可有效防阻破傷風的發生。一般而言破傷風疫苗的藥效能維持十年，所以若還在保護期限內，可不用重複施打。及剛出生之新生兒注射五合一疫苗。
,,,,,,
支氣管炎  ,Bronchitis,呼吸胸腔科,氣管,支氣管炎是指連接氣管和肺部的小氣管發炎。支氣管黏膜上有微小的纖毛，會有黏性分泌物潤滑淨化吸入的空氣。當支氣管發炎時，受刺激分泌過多黏液，就會導致咳嗽、咳痰、呼吸困難等症狀。支氣管炎大致分為急性和慢性，另有一種特別好發於三歲以下幼童的細支氣管炎。急性的發炎通常是暫時性的，如果刺激物消失，發炎就會緩解，但如反覆發作或治療不當，也可能變成慢性。,['乾咳．咳痰．胸悶．全身酸痛．發燒．呼吸有雜音．呼吸急促．咳嗽．喘息'],防止受涼，秋冬季特別注意口、鼻、胸部的保暖。
,,,,,,
肺炎  ,Pneumonia,"呼吸胸腔科,胸腔科,呼吸治療科","氣管,胸部",肺炎是指肺部出現炎症，可由多種感染因素造成，包括病毒、細菌或真菌。由細菌引起的肺炎可用抗生素治療。而根據感染源的不同可分為院內感染型及社區感染型。肺炎是可以預防及治癒，但如果沒有處理好，嚴重者可能導致敗血症和急性呼吸衰竭症候群。在診斷上與其他呼吸道感染疾病最重要的判斷在於，肺炎會出現肺部浸潤現象。,['咳嗽．咳痰．發燒．畏寒．胸痛．呼吸急促．呼吸困難．咳血．頭疼．食慾減退．疲倦．腹瀉．噁心．嘔吐'],接種疫苗：老人及幼兒或抵抗力弱的人應接種疫苗，如B型流感嗜血杆菌、肺炎球菌、麻疹和百日咳等。
,,,,,,
肺氣腫  ,"Emphysema,Pulmonary Emphysema,Emphysema of Lung",呼吸胸腔科,肺,肺氣腫是慢性阻塞性肺病的病狀之一，通常與慢性氣管炎有關。因空氣滯留在受損或失去彈性的肺泡中，使肺內壓力不斷升高，呼吸時，肺泡過度充氣擴張甚至破裂。由於氣體無法有效交換，病患的身體經常處於氧氣不足的狀態，會產生呼吸困難、易喘、胸悶的感受。當肺部組織因肺氣腫而受到傷害時，通常是永久性的，使用藥物也無法完全恢復，又以抽菸為最主要的危險因子。,['慢性咳嗽．喘鳴聲．易喘．咳痰．咳血．呼吸困難．呼吸短促．胸悶．全身乏力．心悸．體重減輕．容易疲倦．水腫．發紺．頭痛．入睡困難．精神恍惚．食慾不振'],避免吸菸及吸入二手菸。有吸菸習慣者，應盡早戒除。
,,,,,,
百日咳  ,Pertussis,"小兒科,家醫科,呼吸胸腔科,感染科",呼吸道,百日咳是一種侵犯呼吸道的急性呼吸道傳染病，由百日咳桿菌所引起，好發於嬰幼兒，但成人亦會感染。百日咳的傳染途徑為飛沫傳染，初期症狀與感冒類似，特徵為陣發性的嚴重咳嗽、呼吸時有哮喘咳聲、咳嗽後嘔吐、咳嗽後臉潮紅或臉色發紫等。得過百日咳通常可以獲得較長期的免疫力，但並沒有研究顯示可終生免疫，且接種百日咳疫苗3~5年後，抗體便會開始下降，若無追加疫苗，都會成為易感宿主。目前台灣疫苗接種率相當高，百日咳病患多是因為成人帶菌回家，散播給家中尚未接種、免疫力較差的嬰幼兒。,['流鼻水．打噴嚏．咳嗽．哮咳．疲倦．發燒．食慾不振．咳嗽後嘔吐．呼吸暫停．發紺'],接種百日咳疫苗是預防百日咳最有效的方法。
